date,wspeed_10m_mean,wspeed_10m_max,wspeed_100m_mean,wgusts_max,wu_10m_mean,wv_10m_mean,wu_100m_mean,wv_100m_mean,precip_sum,temp_mean,wdir_10m_mean,wdir_100m_mean
2025-01-01,5.555833333333333,8.36,9.197083333333333,13.3,4.429812511109193,2.9927141835250892,7.609421695119072,4.381942532199888,0.0,4.7625,235.95763593243242,240.06418861672284
2025-01-02,8.770833333333334,9.37,13.999583333333334,15.3,5.1828935107128915,7.049424756310315,8.540045723620988,11.057412303622767,0.0,7.995833333333334,216.3241509469786,217.68022741249322
2025-01-03,7.8637500000000005,9.44,12.565833333333332,15.4,4.199111347432228,6.639663840205014,7.086610223981382,10.367378212134893,0.0,8.5875,212.31041893728377,214.35451708357255
2025-01-04,6.789166666666667,9.6,10.367916666666668,16.1,4.632742414277131,2.4485115464703076,7.121429934767309,3.8878637532584164,4.9,6.325,242.14251209545304,241.368168213971
2025-01-05,3.0545833333333334,6.16,4.562083333333333,10.9,2.5158215777001005,-1.562480073122433,3.710426471034237,-2.274010350917637,0.0,0.5708333333333333,301.84282641828196,301.50289720952964
2025-01-06,3.14,4.74,5.5495833333333335,8.3,-1.887216117039646,2.4352159234712243,-2.799144475661011,4.696350513054403,0.0,-0.3708333333333333,142.22543614251563,149.20398149445623
2025-01-07,4.78125,5.66,8.582916666666668,9.2,-0.6259862995701712,4.681764814157223,-0.019168572099612508,8.502515842466194,0.0,6.458333333333333,172.38430320944528,179.8708292415731
2025-01-08,4.71,5.72,8.829166666666667,8.9,0.400664608964648,4.64162986425363,1.9169209624000276,8.547435593894377,0.0,8.383333333333333,184.9335316377759,192.6404875050708
2025-01-09,5.3062499999999995,7.18,9.440416666666666,11.8,2.5934987845266817,4.432432297254437,5.055108676471126,7.767550527713142,0.0,9.783333333333333,210.33269852117166,213.05600992611352
2025-01-10,2.9808333333333334,4.43,6.034583333333334,7.5,-2.129047560535315,1.7711755944428926,-3.400902298074195,4.33389638797822,0.0,7.3875,129.75740318359237,141.87795548616646
2025-01-11,3.129583333333333,4.07,5.822500000000001,6.9,0.5805243424652228,2.5635795331278755,1.7827668887043577,4.956063520180146,1.0,7.108333333333333,192.75947192557382,199.78438338766568
2025-01-12,2.982083333333333,5.02,4.256666666666667,8.4,1.3461790086546959,-2.008892040822397,1.6897373267359737,-3.0570139223648973,5.8,4.2375,326.1735579791554,331.0687660943787
2025-01-13,4.9158333333333335,6.02,6.972916666666666,9.9,-1.447625553675928,-4.679162653394762,-2.1192154872184106,-6.618664124911539,9.299999999999999,1.8041666666666665,17.190867537110563,17.754431608741903
2025-01-14,2.40625,3.29,3.5895833333333336,6.2,0.628750867693349,-1.773653340412453,0.556817806890362,-2.708918559517796,0.0,0.275,340.48084850061605,348.3846434600365
2025-01-15,2.6508333333333334,3.95,3.6750000000000003,7.3,2.5733130943575144,0.3387030822283715,3.5599109905574005,0.41276182573551196,0.0,0.04166666666666665,262.50175119026494,263.3862453579059
2025-01-16,3.1625,5.04,5.139583333333333,8.7,2.787179558474458,-1.234506458635453,4.430407986049508,-2.223527102617699,0.0,1.0166666666666666,293.8896635429413,296.6510966360428
2025-01-17,6.902083333333334,8.94,10.319166666666666,15.1,6.835670961234726,0.5045254539498328,10.232765861595725,0.4928217626590936,1.1,2.525,265.7787818024588,267.2426999504832
2025-01-18,5.0125,5.92,7.40125,10.1,4.413935320906682,-1.4077003073478205,6.519283708489614,-2.223135739843046,1.0,2.525,287.68861737511935,288.82984862431863
2025-01-19,6.595416666666666,8.03,9.84875,14.4,4.64092079337838,-3.768949721909762,6.656446057774204,-5.89694761683744,2.6,3.1791666666666667,309.08048235046573,311.5377429483125
2025-01-20,4.6499999999999995,6.56,7.646666666666667,11.5,3.883856943739742,0.27168099633656195,6.286798849522788,-0.10641806575528329,0.0,2.6458333333333335,265.9986015049724,270.96976600047947
2025-01-21,2.84375,4.93,4.8075,8.8,-1.5927358977306507,-0.6511515018031723,-2.3281961399827984,-0.9185311956463692,0.0,2.5416666666666665,67.7639903493588,68.46953443670186
2025-01-22,5.812083333333334,7.47,9.137500000000001,12.9,-5.674996372097509,0.7963993750356423,-8.877868976076945,1.5886635353338399,0.0,2.5791666666666666,97.98842235584823,100.14549593704083
2025-01-23,3.401666666666667,5.61,6.369166666666666,9.2,-2.8700052950014023,1.7575008815037443,-4.5201869493506175,4.306408419397475,5.1,2.8541666666666665,121.4819907449179,133.6125779149797
2025-01-24,2.4433333333333334,3.36,4.013333333333333,5.7,0.13960319360250462,1.1325033844435757,0.5631372569171184,2.7491050254735137,1.4,4.933333333333334,187.02737406141296,191.57654003707026
2025-01-25,2.345,3.77,4.170833333333333,7.3,-2.1465834419604057,-0.056998028078799945,-3.0443040759265085,0.9990850459034921,1.5,4.558333333333334,88.47898795922706,108.16889207794495
2025-01-26,3.1158333333333332,4.71,5.602916666666666,8.3,-3.0085613599645114,-0.12497141912936323,-5.382722085999656,0.3345630431883791,0.0,3.720833333333333,87.6213811190025,93.55664331380885
2025-01-27,2.475416666666667,3.93,5.045,6.7,-1.8774964948584838,1.5119191523790922,-3.4733964295809643,3.5034937775293673,0.0,3.216666666666667,128.84396063985585,135.24716460541904
2025-01-28,2.4779166666666668,3.66,5.444583333333334,5.8,-1.5293329033402767,1.8409483498228634,-2.5623417629597665,4.671943357703484,0.0,3.5708333333333333,140.28253591600102,151.25729792816833
2025-01-29,2.859583333333333,3.85,5.921250000000001,6.1,-1.7643338054684257,2.0922866812779612,-2.1457828847885305,5.328774910904193,0.0,4.483333333333333,139.86052988235576,158.0664157906515
2025-01-30,2.035,3.17,4.324166666666667,5.3,-0.8803814556785946,1.5463576473103255,-0.5848491389550012,3.8963086606004804,0.0,6.2124999999999995,150.34602007406122,171.46344101272817
2025-01-31,2.5733333333333333,4.96,4.230416666666667,8.0,-2.318791642588543,-0.5874622734781983,-3.9298856419101207,-0.4378139457832531,0.0,4.308333333333334,75.78333252649847,83.64310302670604
2025-02-01,1.95375,4.1,2.8970833333333332,7.5,-1.7163025028990362,-0.16945412562784565,-2.443053258051949,-0.004596156312982204,0.0,2.5541666666666667,84.36134273053429,89.8922086339443
2025-02-02,2.0375,4.28,3.31875,8.3,1.6054569163649426,-0.4845726095841092,2.746660793560654,-0.6801981851237033,0.30000000000000004,3.2416666666666667,286.7953093658575,283.90920584133335
2025-02-03,1.79125,5.06,2.7779166666666666,8.4,-1.264174809026218,-0.22956792159284342,-2.0491136194247432,-0.077159892463033,7.9,0.9083333333333333,79.7075279350481,87.84353175378178
2025-02-04,5.293333333333334,7.81,8.229583333333332,12.8,2.74643592520617,-3.9642320026085596,4.2728802961782,-6.138667340364036,9.3,1.0250000000000001,325.28562663353995,325.1597704655325
2025-02-05,1.83375,5.06,3.4929166666666664,8.1,-0.3964544677873328,-0.7411632728917533,-0.5823830144206056,-1.1486549942251576,0.6,-0.9916666666666667,28.142701115045313,26.885600852051795
2025-02-06,7.785833333333334,9.94,11.262916666666667,16.4,-5.597859754281806,-5.381279937416751,-8.344219192773139,-7.504181814471333,0.6000000000000001,-1.0791666666666666,46.13009767208194,48.0340977739729
2025-02-07,8.328333333333333,9.23,11.876666666666667,15.3,-6.666400763405709,-4.921901687805199,-9.668282737128118,-6.781056511400422,0.0,-2.3000000000000003,53.5610028861339,54.95528051804563
2025-02-08,8.414166666666667,9.12,12.047916666666666,15.7,-6.854268394231517,-4.757497918974573,-10.084822842796807,-6.404662533104317,0.0,-3.3541666666666665,55.235765904585065,57.581213627968886
2025-02-09,7.6120833333333335,8.31,10.615833333333333,14.4,-6.151198779187619,-4.4652957854811,-8.77125904281718,-5.945129602370649,0.0,-4.820833333333334,54.02324490536315,55.87071376318814
2025-02-10,6.245833333333334,7.0,9.012500000000001,12.5,-4.853263725332066,-3.8711914432249674,-7.220103223970695,-5.304163963279526,0.0,-4.854166666666667,51.422490233653406,53.69757303579672
2025-02-11,5.7525,6.45,8.344583333333333,11.6,-4.207445263392783,-3.8564377011872515,-6.406819299645647,-5.233171450337079,0.0,-4.554166666666666,47.49241769566638,50.757613398110536
2025-02-12,5.19125,5.78,7.187083333333334,10.2,-3.901848097233465,-3.3759303876194973,-5.497312517712362,-4.56565343086293,0.0,-4.95,49.13320871521884,50.289533498055924
2025-02-13,3.5216666666666665,4.53,5.20875,8.3,-2.3969489601626726,-2.5035611925946935,-3.7297735247494224,-3.5165119359881736,0.0,-4.845833333333333,43.75370780789017,46.685755140401454
2025-02-14,1.3929166666666666,2.8,2.3554166666666667,5.4,-0.630120015423977,-0.26378276777026805,-1.0453081633351522,0.2561705428841082,0.0,-4.741666666666666,67.28469026683773,103.76992244298415
2025-02-15,6.629166666666666,9.89,10.967500000000001,16.2,2.9167965468110437,3.4462920657312885,5.1532151660943475,5.968600039444342,4.7,1.625,220.24317120490903,220.8069184254409
2025-02-16,3.6366666666666667,5.81,5.0275,11.0,2.3505417798762287,-2.6482234414885335,3.086739548705619,-3.7467329331965282,0.0,-3.170833333333333,318.40799836653315,320.5166547100554
2025-02-17,2.905416666666667,3.91,4.567083333333334,7.6,-2.552845242002863,-0.7277357856495451,-3.9309641815798937,-1.1422533673818878,0.0,-2.9958333333333336,74.08881776234102,73.79727554917673
2025-02-18,5.4025,5.95,7.749583333333334,10.9,-4.718421113396349,-2.57756239046461,-6.849627714235119,-3.562239181011259,0.0,-3.533333333333333,61.3532587862074,62.52271892593841
2025-02-19,5.0929166666666665,5.95,6.96125,10.6,-3.6636768845171126,-3.493797495744819,-5.132076730364892,-4.6363492493868455,0.0,-3.545833333333333,46.35963391664504,47.905150476558696
2025-02-20,3.764583333333333,4.89,5.676666666666667,9.3,-3.111959812620746,-1.9490919530848083,-4.782469227740264,-2.7767686542962977,0.0,-4.3125,57.94014036603423,59.859949110631554
2025-02-21,6.198333333333333,8.3,8.76625,14.6,-4.783667101974349,-3.8344116547764773,-6.828138119299471,-5.338053713370621,0.0,-4.833333333333333,51.28561965896923,51.98266571728004
2025-02-22,6.427916666666667,7.11,8.873333333333333,12.1,-4.1834094954842485,-4.7965159997742886,-5.857024342900549,-6.547029366184595,0.0,-5.8500000000000005,41.094178790649366,41.816067256416495
2025-02-23,4.931666666666667,7.12,6.824166666666667,11.9,1.6730209660645674,-4.235774331264011,2.1505833688010463,-5.894487022163218,1.0,-4.091666666666667,338.44726596864945,339.95567567465105
2025-02-24,5.661666666666666,6.62,7.9887500000000005,11.5,3.2366916314769014,-4.488384141473978,4.565502824459194,-6.336617966445947,3.9000000000000004,-2.9458333333333333,324.2036371097825,324.22743112898144
2025-02-25,4.772083333333334,6.01,6.465833333333333,9.8,0.4288881499703732,-4.040695254013442,0.893337449063484,-5.438753213568405,0.4,-4.866666666666666,353.94118703675935,350.6722247961407
2025-02-26,2.3925,3.09,3.3175000000000003,6.6,-1.7714736429169997,0.5141535491604149,-2.5332389703229503,0.6734684354281001,0.0,-7.1000000000000005,106.18487343884128,104.88786805519008
2025-02-27,1.9441666666666666,3.24,2.59125,6.8,1.3324033505267165,0.458409284034438,1.8481135132311979,0.15349396752059322,0.0,-5.6125,251.01437853997749,265.2522298962114
2025-02-28,3.6529166666666666,5.85,5.365416666666667,10.1,-2.6556388501315205,-1.3583379327837015,-3.553337435979254,-2.191906332252263,0.0,-2.5708333333333333,62.91062089359562,58.331287321851455
2025-03-01,4.559166666666667,5.56,6.714583333333334,9.6,-4.478770395668687,-0.3275180634695895,-6.604075887828223,-0.29616322126955213,0.0,-5.058333333333334,85.81758864213695,87.43226136151144
2025-03-02,3.1933333333333334,3.91,5.364583333333333,7.5,-2.9039711017275507,1.2034408773164678,-4.681264109841335,2.3608264866172655,0.1,-2.9791666666666665,112.50971073395199,116.76244367387535
2025-03-03,2.356666666666667,3.61,3.8579166666666667,7.1,0.30007242571323695,-0.15573475517160754,0.7241689116803584,-0.08018065499687314,1.2,-0.7666666666666666,297.4288863218021,276.3181076713964
2025-03-04,6.055416666666666,8.1,9.645833333333334,14.0,5.381804431326017,2.643147305036737,8.882419446252419,3.4793004462867425,0.0,1.8499999999999999,243.84311743718405,248.60940397807877
2025-03-05,8.494166666666667,10.48,13.33,17.5,7.645793974084295,3.645741209769161,12.302958180695668,5.065669572785327,0.0,3.8541666666666665,244.50681002799524,247.6208778959961
2025-03-06,7.569166666666667,8.24,12.515,13.4,6.342510598932374,4.095120998797309,11.057203587687994,5.766203181645217,0.0,5.070833333333334,237.15118726707192,242.45848248916468
2025-03-07,5.7058333333333335,8.06,9.987916666666667,13.1,5.061801672711085,2.5431687086412884,9.150078558689671,3.6670338362765946,0.0,5.779166666666666,243.3239661000179,248.16080086313735
2025-03-08,2.589583333333333,5.28,5.121666666666667,8.3,-1.1324729133183,-1.4449490694349911,-2.947379716958059,-2.5697506893517827,0.0,6.520833333333333,38.08742838372664,48.91559631782394
2025-03-09,5.4675,6.53,9.352916666666667,10.6,-5.182725338277206,-1.5892099286690875,-9.105413622412561,-1.7632917414017222,0.0,7.658333333333334,72.95257748046303,79.04015348727424
2025-03-10,3.38875,4.75,6.103333333333333,7.9,-1.1620510924773935,0.49309565244235026,-1.8915288533154324,1.6801812342637852,0.0,6.895833333333333,112.99307401372377,131.6136044961941
2025-03-11,4.90875,6.23,8.42375,11.1,2.1943303020496976,4.3065439719239,4.193947048341584,7.219771437122797,0.0,8.808333333333334,207.00038603739458,210.15219611176505
2025-03-12,6.349166666666666,8.8,10.836666666666666,14.3,2.9634364024309696,5.43634216421484,5.373115307432271,9.212026331366621,0.0,12.049999999999999,208.59550245552637,210.25380718502922
2025-03-13,3.160833333333333,5.41,5.709583333333334,9.7,1.188941771308272,1.6893235791903571,2.707785906146586,3.9420343747096336,0.0,13.004166666666668,215.13778850855195,214.48519722782788
2025-03-14,5.603333333333333,7.81,9.799999999999999,13.1,3.1385686374564634,4.354344786376467,5.683645512922325,7.682238230945683,0.0,14.991666666666667,215.78369016915573,216.49560568353627
2025-03-15,5.04,7.25,8.701666666666666,11.5,3.062924717153224,3.8944592730648995,5.452098882303988,6.626001672164662,0.0,14.995833333333332,218.1844369499082,219.44870657692627
2025-03-16,6.631666666666667,9.27,11.095,15.2,4.125207055511322,5.043267303941869,6.8568125880859405,8.543644957093997,0.0,16.670833333333334,219.28190287412602,218.74923547861883
2025-03-17,4.359166666666667,6.73,6.683333333333334,11.2,3.764036791871989,1.6084252458406467,5.744340455312989,2.5983355651378024,6.499999999999999,10.0625,246.86230787229925,245.66134969019947
2025-03-18,4.98125,7.36,7.006666666666667,12.7,3.6201484679282583,-3.077540109432817,4.964728982109443,-4.4987165275161445,1.4000000000000001,6.958333333333333,310.368339519571,312.1808369388349
2025-03-19,5.848333333333334,6.93,7.951250000000001,13.0,2.918032613158322,-4.7566045118404,3.8141204826810884,-6.51150287345456,0.9,3.3083333333333336,328.47214674454824,329.6403106937735
2025-03-20,3.75625,4.79,5.916250000000001,9.0,-1.079657426452052,-3.4425844661348233,-2.056297173893792,-5.294293238155288,0.0,5.054166666666666,17.41237845447887,21.22611055539632
2025-03-21,3.6079166666666667,5.19,5.859999999999999,10.0,-3.1105296885051534,-1.7932578717083398,-5.3455428167394645,-2.333782440102708,0.0,6.108333333333333,60.036032552775,66.41465254768333
2025-03-22,3.658333333333333,5.89,5.747083333333333,11.0,-3.2812478159316036,-1.5318867620281875,-5.31425389951547,-2.0741424659390297,0.0,6.983333333333333,64.9739621272864,68.6793997546915
2025-03-23,3.484583333333333,4.81,5.58125,9.2,-3.2937029239619213,-0.7857652360738521,-5.358197492311603,-0.9488918200584123,0.0,8.004166666666666,76.58198418321025,79.95751657141315
2025-03-24,4.7370833333333335,6.62,7.692916666666666,11.9,-4.542218198019392,1.2232491095447793,-7.269450206336739,2.3643813099760704,0.0,8.5375,105.07253651504624,108.01706364339425
2025-03-25,4.40625,5.36,7.49875,9.2,-1.767455681304928,3.408028073005123,-2.8501354680760387,5.9813312178421585,0.3,10.820833333333333,152.5880521589494,154.5219572277054
2025-03-26,3.317083333333333,5.41,5.582083333333333,9.4,2.268050954944182,1.9907625534586726,3.9111475035350414,3.4883400042225268,1.7,10.633333333333333,228.72523048080262,228.2703307978501
2025-03-27,2.8375,4.79,4.3966666666666665,8.3,-2.6656380058613,-0.7363858330473873,-4.227503775311491,-0.5960216556644965,0.2,11.704166666666666,74.55711918660168,81.97495215401104
2025-03-28,4.274583333333333,6.09,6.765000000000001,9.9,-3.6050113155913643,-1.6467533893169861,-6.068055990455399,-1.634108644539656,0.1,13.5875,65.44928691500523,74.92797917026068
2025-03-29,6.675416666666667,8.32,9.842083333333333,13.9,-6.10537061290745,-2.5752523154429157,-9.175420809762544,-3.3716625826726063,2.1,11.737499999999999,67.12992714075813,69.82329550020066
2025-03-30,3.9183333333333334,7.21,6.139166666666667,12.3,-3.7342209531191446,-0.5236075486856507,-5.885500740814005,0.15537252489831727,9.1,14.6875,82.0181011521231,91.5122116457781
2025-03-31,4.2475,6.03,6.517500000000001,10.2,0.8184479485553564,1.819786662521497,0.9080584636244978,2.7523369788666674,11.0,12.820833333333333,204.21580351629595,198.25889613986388
2025-04-01,4.358333333333333,5.91,6.129166666666666,10.6,2.6947831531579247,1.3657410107359171,3.449934455785419,1.8659565242684681,0.0,11.420833333333334,243.12368695379843,241.59249665768522
2025-04-02,3.8241666666666667,5.73,6.872916666666666,9.7,-3.2668518776047044,-0.7919776600084942,-6.150420341085275,-0.37404661885029583,0.6000000000000001,13.404166666666667,76.37278037848428,86.51976162683836
2025-04-03,2.504166666666667,4.32,4.383333333333334,8.3,-2.1657603816782935,0.6646606794555973,-3.696945576986003,1.741912585265368,11.7,13.704166666666666,107.06097963159951,115.228695247993
2025-04-04,2.6970833333333335,4.03,3.954166666666667,7.5,2.0043093003907,1.1138851576120392,2.9273497902643886,1.8436347855123552,6.2,12.666666666666666,240.9370959583296,237.7974180070147
2025-04-05,3.4920833333333334,4.63,4.718333333333334,8.4,2.508469040000348,2.1462435801539645,3.426114670716359,2.9350807585951664,0.1,11.683333333333332,229.4497371305649,229.4140271678045
2025-04-06,6.506666666666667,8.74,9.349166666666667,15.2,2.908796885477713,5.650281746367444,4.217881418927212,8.139770713751822,1.7000000000000002,12.683333333333332,207.23966492616472,207.39237083311642
2025-04-07,3.67625,5.82,5.296666666666667,10.5,1.7390066578902779,-1.3658246038812198,2.5489119530300592,-1.5481911593812123,7.5,10.204166666666667,308.1462698777158,301.27420052482734
2025-04-08,5.867916666666667,7.78,8.0425,14.0,5.309089334687927,-0.5236989404610416,7.276101882350326,-0.6525950252026808,2.7,6.2124999999999995,275.6335428601375,275.125156399301
2025-04-09,1.5808333333333333,3.21,2.37125,6.8,-0.09049424407098601,0.8362854032695847,-0.05738389387658305,1.3701471432510914,1.3,5.741666666666667,173.82406793912548,177.60176518420855
2025-04-10,4.050833333333333,5.7,5.918333333333333,11.0,3.0840374042345786,0.9050752777357719,4.3662341376376155,1.564591096116543,3.8000000000000003,5.658333333333334,253.64457043110428,250.28542797116035
2025-04-11,4.301666666666667,7.55,6.752916666666667,14.8,-0.7929844709439428,3.7731722106540087,-0.8356912853100549,6.063866843137092,7.3,6.5874999999999995,168.1312287289168,172.1532158204244
2025-04-12,1.7370833333333333,3.31,2.6462499999999998,6.1,0.7727647610550172,0.9192950200668429,0.9206423479139633,1.3488857730178234,10.7,3.9791666666666665,220.0506049721379,214.31434232035693
2025-04-13,2.5116666666666667,3.15,4.33375,7.0,-1.9684319574592246,-0.7525634227536293,-3.5364893149091223,-0.31018185002634785,0.0,6.7375,69.0773349713339,84.98747325376313
2025-04-14,3.2045833333333333,4.52,5.7250000000000005,8.4,-2.177001056838784,-1.9372487747784721,-4.675421586792255,-2.8421989547071536,0.0,9.954166666666667,48.33506151735191,58.70449103079516
2025-04-15,5.660833333333334,8.03,9.519166666666667,14.1,-4.95218513797968,-2.523204974728555,-8.69220204504459,-3.4557421996999493,0.0,12.8375,63.00054545225708,68.31881007454018
2025-04-16,4.983333333333333,6.63,8.172083333333333,11.8,-4.529421582136405,-1.8261255167385784,-7.741705793191687,-2.1332045739138352,0.0,14.395833333333334,68.04220137647529,74.59461026280027
2025-04-17,3.775,5.64,6.78375,10.3,-3.6433341789781672,-0.8252509566605061,-6.666381557559567,-0.7057370306485696,0.0,14.691666666666668,77.23730541030959,83.95688641710154
2025-04-18,4.694166666666667,6.37,7.763333333333333,11.5,-4.594050210629532,-0.8382123693107069,-7.665708323737371,-0.8388674076089951,0.0,14.895833333333334,79.65977848066478,83.75490558393027
2025-04-19,5.220416666666666,6.51,8.32375,11.7,-5.180225103925654,-0.30988424489902033,-8.287359181965806,-0.06269194280229949,0.0,15.525,86.57661095595219,89.56657903469596
2025-04-20,3.609166666666667,5.41,5.600416666666667,9.0,-2.371957048299621,-0.4142031565265518,-3.6724083657536224,-0.37767450906146954,0.0,15.558333333333332,80.09459960429416,84.12828139245774
2025-04-21,2.442083333333333,4.03,3.7100000000000004,7.1,1.3072553684849912,1.677857427066079,2.2816389990613573,2.218614541774467,2.2,14.75,217.9229350515283,225.80235465092514
2025-04-22,1.6849999999999998,3.94,2.47375,7.7,0.684219716208022,0.3238397892988191,0.977890145086045,0.3862688792640563,1.5,13.904166666666667,244.67190213963704,248.44586492931222
2025-04-23,1.9475,5.32,3.0399999999999996,9.9,0.8122249189971846,-1.2254958161826663,0.8513417742014854,-2.022731203560501,0.7,15.483333333333334,326.46467766262913,337.1743950299902
2025-04-24,2.084166666666667,3.57,3.2525,7.3,1.610177688849962,-1.151208044706367,2.192949712766261,-1.9555490131981725,1.6,16.400000000000002,305.5631432100886,311.72478160691173
2025-04-25,1.87375,3.71,3.049583333333333,6.6,-0.6020344746767383,0.3196899689789637,-0.8818260967096571,0.31134373723167114,2.0,16.229166666666668,117.96901943352356,109.44644764887069
2025-04-26,4.247083333333333,5.82,6.108750000000001,10.3,2.9640214801794684,2.68495910674083,4.347510987296855,3.8750280163739226,0.7000000000000001,14.65,227.8281401124603,228.28870969033176
2025-04-27,6.18625,8.44,8.477916666666667,15.8,0.8186038866191828,-5.098207176509989,1.2442951841411953,-6.892833199499088,2.4,11.1875,350.87804947614006,349.7671625895076
2025-04-28,4.329583333333333,7.75,6.10625,13.5,-0.6237316744439767,-4.003901861992307,-1.2109145144534834,-5.4425447750908384,0.0,8.575000000000001,8.854423711390995,12.543454773161583
2025-04-29,3.079166666666667,4.83,4.857083333333334,9.4,-2.901091993734727,-0.7639593392258757,-4.65090155383101,-1.0808549415004374,0.0,10.229166666666666,75.2469422532668,76.91687347916178
2025-04-30,1.7791666666666666,2.76,2.9745833333333334,6.1,-0.3204583312726118,-0.7920958960234604,-0.9847269101218564,-1.1483788150085799,0.0,11.799999999999999,22.026784666899868,40.61286093257573
2025-05-01,1.95125,3.3,3.1458333333333335,6.7,-0.9567357325173833,-0.6667383916352024,-1.7033345488799263,-0.7734972665061123,0.0,15.083333333333334,55.12779241648431,65.57683725088884
2025-05-02,3.475,6.16,5.382083333333333,11.1,0.3867369661328763,-3.1505461660135357,0.2731308974443715,-4.828086915850897,0.9,16.058333333333334,353.001817778768,356.76215739146244
2025-05-03,2.9154166666666668,5.04,4.5512500000000005,9.1,-1.9264295491804377,-1.8734052735442386,-3.0666068935558606,-2.756953621368203,0.0,13.9125,45.799474233836676,48.04369350942484
2025-05-04,2.0275000000000003,4.23,3.2154166666666666,8.0,-0.8768332985442261,-0.3782480138963766,-1.533949303290725,-0.27222371699635234,0.0,15.241666666666667,66.66561721601667,79.93672392320144
2025-05-05,2.09625,4.76,3.157083333333333,8.9,1.074262138832817,-0.47354063990711054,1.3433045761647007,-0.7516318673714802,0.6000000000000001,16.404166666666665,293.78814815656483,299.2287332310116
2025-05-06,2.8166666666666664,4.6,4.420833333333333,9.2,2.671031917051453,-0.04969656644214036,4.223585028766762,-0.10251127768149255,0.0,16.7,271.06590827225403,271.3903616478593
2025-05-07,3.4004166666666666,5.26,5.376666666666666,9.2,1.8854786063297204,2.468590045350024,3.12210574509399,3.9376970362223163,0.1,16.8125,217.3721444966314,218.41005704023897
2025-05-08,4.31125,7.01,6.50375,12.6,3.4977784159660756,1.9152582676851164,5.159499429670481,3.0349720059248764,2.4,16.162499999999998,241.29646471209185,239.53468326933495
2025-05-09,3.9625,7.92,5.7995833333333335,12.7,0.7471623186292057,3.1198887827193436,1.6173719306965324,4.376746205651464,5.7,16.979166666666668,193.46775599554894,200.28116273994442
2025-05-10,4.5275,7.51,6.21875,12.9,4.284271492773127,-0.9812605247628796,5.839502912273335,-1.3827711643780758,2.1999999999999997,12.654166666666667,282.90039855047024,283.3220320714942
2025-05-11,1.6195833333333332,3.48,2.5725000000000002,6.7,0.3961998847030359,-0.9084389821332214,0.8547323672402483,-1.3793371904657648,0.0,13.391666666666666,336.4364131887429,328.2147921207478
2025-05-12,2.060416666666667,4.04,3.2108333333333334,7.9,0.5063217302687678,-0.09978078231113922,0.787598547490245,-0.264492603829118,0.6000000000000001,13.950000000000001,281.14841758221985,288.5631633238892
2025-05-13,3.482083333333333,5.63,5.318333333333333,10.8,2.9047930839606004,-1.7814440507621399,4.438636275028975,-2.759833251406644,0.8,14.049999999999999,301.5198499038425,301.8723175571084
2025-05-14,3.998333333333333,5.97,6.054583333333333,11.1,3.7320731778294824,-0.23429000807237424,5.586837805700369,-0.4339979236453209,0.2,14.229166666666666,273.59216851297157,274.44194226754803
2025-05-15,2.46625,3.33,3.9475,6.9,1.2528986645393365,1.7613175968030657,2.2525388278175016,2.8497553849587387,0.4,14.870833333333332,215.42582918423926,218.32398478767945
2025-05-16,3.6641666666666666,5.76,5.870833333333334,10.4,-2.3699397214959426,2.4790245232174857,-3.1874659768652287,4.101409019581889,0.0,16.416666666666668,136.2887380427629,142.1469472732672
2025-05-17,5.4070833333333335,7.52,8.595833333333333,12.9,-2.9840399218809477,2.1498495762094643,-4.285448765307027,3.9685231896418753,3.4,18.429166666666667,125.77083897502109,132.8011093152912
2025-05-18,5.18875,7.43,7.4366666666666665,12.5,4.3863032838982905,2.3427230657757745,6.275767391876724,3.465682783498416,0.7,16.329166666666666,241.89334034304977,241.09109274829
2025-05-19,6.545833333333333,9.32,9.449166666666667,16.0,4.770296193280224,4.057157529872196,6.94336442395766,5.764029046183459,3.1,15.695833333333333,229.6186922599123,230.30226257398712
2025-05-20,6.902916666666666,8.03,10.169583333333334,14.3,4.1511270825166875,5.18954509056707,6.2923239941143985,7.528474161373825,12.9,14.345833333333333,218.65638152738555,219.88899091358942
2025-05-21,7.433333333333334,10.0,10.839583333333332,16.0,6.658694835096121,2.760662361801313,9.760738089409932,3.9778593556566997,2.1,15.225,247.48134260368184,247.82729924618846
2025-05-22,3.3691666666666666,5.37,5.38625,8.8,1.8596582125273453,0.8224276189158318,2.7760400202805324,1.2666690572142738,0.0,17.483333333333334,246.1427499576258,245.47343517886733
2025-05-23,4.3812500000000005,6.31,7.416250000000001,11.1,-4.26549883414789,-0.44752765948399303,-7.260010263205783,-0.09174109580745732,0.0,20.416666666666668,84.01055340942966,89.2760206042935
2025-05-24,4.287916666666667,5.7,7.170000000000001,10.1,-4.23763361009639,-0.20038331064642642,-7.089337002972203,0.27443429689012827,0.0,21.429166666666664,87.29269371670802,92.21686171117312
2025-05-25,4.595,6.44,7.619583333333334,11.2,-4.463274321758198,0.8949068610451705,-7.288953116601644,1.9426578967562975,0.0,22.741666666666664,101.33772712911923,104.92361627019211
2025-05-26,7.478333333333333,9.55,11.698749999999999,16.3,-7.337018094435305,1.303459073528874,-11.384569631201558,2.52696240836203,0.0,23.104166666666668,100.07378722162595,102.51469755486809
2025-05-27,5.9383333333333335,8.84,9.14625,14.4,-5.084934971474554,1.0374741110252683,-8.092889140460667,2.025789993729673,3.7,21.358333333333334,101.53172463861532,104.05335163201357
2025-05-28,3.8870833333333334,5.64,5.858333333333333,9.7,-0.8552751029268967,1.316963240824,-1.5095064986552273,2.150210031622069,3.5000000000000004,19.412499999999998,146.99910725190466,144.93009080883826
2025-05-29,2.67625,3.75,3.74875,9.0,1.94069593019067,1.144052333196436,2.804680895731513,1.5040018376352593,36.6,18.758333333333333,239.48038564996628,241.79769720038257
2025-05-30,1.8195833333333333,3.78,2.7220833333333334,7.5,1.1135932684235528,-0.46954210858706796,1.7332071027374756,-0.5634662955035913,2.7,19.479166666666668,292.86252424085035,288.00936358485677
2025-05-31,3.95875,6.03,5.8758333333333335,11.1,3.093250600119753,2.2191784953013274,4.623977806518245,3.3562601751787677,2.9,18.870833333333334,234.3433583621993,234.0264179226265
2025-06-01,4.210833333333333,5.73,6.11375,10.1,3.663802842668884,1.4359070369573426,5.373933272313835,1.9940669264379196,3.2,19.650000000000002,248.59893714320168,249.64198155765405
2025-06-02,2.381666666666667,3.79,3.794166666666667,7.6,0.5527967546270374,-1.81317271999736,0.7901580927788303,-2.859193428364405,0.5,22.004166666666666,343.04468134904,344.5514904309543
2025-06-03,2.65875,4.31,4.379166666666666,7.9,1.2088651146139646,-2.0074799005666675,2.052937774778527,-3.3335551902911007,0.0,23.120833333333334,328.94447184460716,328.3735624940915
2025-06-04,4.2612499999999995,6.3,6.775833333333334,11.3,3.874676568459257,1.476763591231217,6.3361442310114775,2.004656765924477,0.0,22.46666666666667,249.1365506769436,252.44344464079154
2025-06-05,3.3791666666666664,5.89,5.087083333333333,10.4,-0.7642155790123305,-2.606981652124716,-1.2265074629723067,-4.087494571330308,0.0,20.945833333333333,16.338072185143425,16.702576077974296
2025-06-06,2.56625,3.56,4.250416666666667,6.3,0.34302740720667796,-2.2239986403031113,0.3242387472004431,-3.7793418426593828,0.0,23.079166666666666,351.2318489996796,355.09646550062814
2025-06-07,2.64125,4.12,4.274583333333333,7.5,1.1940755551919406,-2.081107788372082,1.73273138144622,-3.518590823009495,0.0,24.037499999999998,330.1541236436195,333.78204193228646
2025-06-08,1.92,4.84,3.169166666666667,8.0,0.17204612785370468,-1.6885598454935045,0.02604473452340315,-2.9241121836043695,0.0,25.991666666666664,354.1822516609779,359.4896865053546
2025-06-09,2.3808333333333334,4.83,3.7708333333333335,8.3,-0.21065119673551272,-1.3909126336867061,-0.4747163749585934,-2.191865920523455,0.0,27.041666666666668,8.611897470199617,12.220430896451527
2025-06-10,3.623333333333333,8.76,5.490416666666667,16.7,0.12148785648594122,-3.1869886612772134,-0.10456557524828797,-4.904473700711791,1.7,25.90416666666667,357.81694461692973,1.2213866303834675
2025-06-11,3.8754166666666667,5.48,5.664166666666667,9.5,-2.0934108809067524,-2.8704146393645646,-3.248823808643508,-4.138886755280448,0.0,23.90833333333333,36.1034990832351,38.130180944701344
2025-06-12,2.89,5.38,4.340833333333333,10.5,2.1498807565678697,0.5259595239434809,2.7452240623176407,0.7494034843956006,0.7,22.625,256.2528401768186,254.73116707725512
2025-06-13,5.141666666666667,7.29,7.4375,13.4,4.206807893930904,-1.0395502497057842,6.1099268538315705,-1.2960443315403756,0.4,20.933333333333334,283.88036967367356,281.97612563614837
2025-06-14,4.2825,5.44,6.0945833333333335,9.9,4.045264224353558,0.09568931430317325,5.761516250404376,0.023381141644936043,4.0,19.175,268.64494101948304,269.7674859664921
2025-06-15,5.2683333333333335,7.12,7.382916666666667,12.8,4.827751460749503,1.9475271000751047,6.778902314001173,2.7169813279119297,11.4,17.345833333333335,248.03072762189424,248.1591068910742
2025-06-16,3.7587499999999996,5.41,5.300833333333333,11.4,3.5430777011605312,-1.056380654578435,4.981174660547731,-1.5000268068309046,13.5,17.295833333333334,286.6021284333995,286.7591058824289
2025-06-17,3.8983333333333334,5.44,5.9125000000000005,10.0,3.228423267424507,-1.3129025651523465,4.925557762895392,-2.0056338363842365,0.2,21.004166666666666,292.1300956653346,292.15562150484493
2025-06-18,5.786666666666666,7.39,8.65125,13.1,5.345306602616744,0.7695348180253113,8.062960132325847,1.2058381429822658,29.099999999999998,21.7625,261.80772488563304,261.49429572271174
2025-06-19,5.850416666666667,7.69,8.770833333333334,13.2,5.444996136129912,1.9240643250052394,8.241884281613995,2.5661630155661115,0.0,22.925,250.53843758732484,252.70569130593867
2025-06-20,6.3875,8.35,9.470416666666667,14.2,5.967033985169608,0.3654595862294954,8.824818614822119,0.3311572127323297,18.0,20.704166666666666,266.4952154255044,267.850945975245
2025-06-21,4.45875,7.36,6.53375,12.7,3.904581778150678,-1.0972936635633537,5.590790333566769,-1.8352220813305238,6.1000000000000005,18.691666666666666,285.6968071122765,288.1728398535877
2025-06-22,4.097083333333333,5.67,6.155,10.6,3.747691825114335,-0.6069785496801482,5.673807239700878,-0.8462854537127588,0.7000000000000001,19.429166666666667,279.19977541252877,278.48349646977647
2025-06-23,5.825,8.36,8.546666666666667,14.7,4.647640712665864,0.5628443482513558,6.888293607252247,0.7303395288687046,16.3,17.82916666666667,263.09492106953854,263.94775805593486
2025-06-24,4.020416666666667,5.06,6.134583333333333,9.6,3.260814021884825,0.03353731679658101,4.949147335294765,0.00499687835742794,0.0,19.716666666666665,269.41073641546325,269.9421516629145
2025-06-25,6.115833333333334,8.27,9.2975,14.4,4.547493905253598,3.649454765403226,7.153833392105856,5.453237053490898,0.1,21.245833333333334,231.2522603832682,232.68238563600704
2025-06-26,6.6675,8.77,10.214583333333334,15.2,4.801540760529741,3.008957789913057,7.470954114575963,4.182327446556588,0.30000000000000004,22.0625,237.92606555570788,240.75938792315452
2025-06-27,4.558333333333333,5.81,6.809166666666666,10.9,3.5146181991147016,-2.1049860070631676,5.210901830623474,-3.229487899102366,0.0,20.970833333333335,300.9183657466748,301.78881514109895
2025-06-28,3.9675,6.78,6.149583333333333,11.3,3.5944533848927294,1.3686157703718769,5.701387955000485,1.9064034123765252,3.5,22.662499999999998,249.1552838240528,251.51133677533338
2025-06-29,4.4575000000000005,5.71,6.28,10.7,3.1848996891630073,-2.108826918450386,4.461859246538514,-2.857667148176473,4.3,19.954166666666666,303.5098538687174,302.6381623134622
2025-06-30,4.6325,7.52,6.8825,13.4,4.223824894379003,1.1679980285409763,6.338029831422194,1.641398491269914,1.0,20.945833333333333,254.54248652243314,255.4807459201993
2025-07-01,5.142083333333333,6.79,7.528333333333333,12.4,4.601688441328806,-1.8958698202505866,6.602396126265025,-3.0346636463867527,0.2,20.525000000000002,292.3913862495583,294.6849616233703
2025-07-02,4.220833333333333,6.71,6.266666666666667,11.9,3.8126063366015432,-1.3795141743763304,5.583578019131373,-2.1395054632621995,0.1,20.891666666666666,289.89162813524575,290.9657441012708
2025-07-03,3.815416666666667,5.92,5.646249999999999,11.5,0.6461507232636525,-2.750950110423862,0.9255299225201874,-3.8638066817645296,1.0,20.3125,346.7818153972711,346.52927872286034
2025-07-04,2.779583333333333,7.05,4.349583333333333,12.4,0.10678718332242115,-2.4125912258257354,-0.14640630374830493,-3.774033136242686,0.0,22.5,357.4656030205218,2.22156479661888
2025-07-05,2.6525,5.32,4.276666666666666,9.3,1.7208881660084787,-1.2541907581411442,2.5721588291680004,-2.285628421280575,0.0,24.458333333333332,306.08472792944923,311.62439229943936
2025-07-06,2.9779166666666668,4.29,4.545833333333333,8.2,0.38423166618315113,-1.980514678722589,0.649997150233157,-3.0397684376570866,0.0,25.025000000000002,349.02066876262745,347.9301469838488
2025-07-07,3.0741666666666667,5.44,4.829166666666667,9.9,-0.8950176523102619,-2.273646223996958,-1.4422488936208655,-3.641529835504215,0.0,26.358333333333334,21.487009892183536,21.606327774763535
2025-07-08,3.4770833333333333,5.2,6.075833333333333,8.3,-3.0516174864496417,-1.194235768924368,-5.708177280638549,-0.9923864138112687,0.0,28.72083333333333,68.62734932078645,80.13750632635436
2025-07-09,4.915416666666666,6.28,8.129166666666666,11.0,-4.840610835043852,0.10607422009032037,-7.966387136561395,0.8812131743731412,0.0,28.34166666666667,91.2553441699525,96.31219180767675
2025-07-10,4.19625,4.88,7.0325,8.7,-1.650161224364087,-0.2845001243743776,-2.7059678156978677,0.2534027090101379,0.0,28.429166666666664,80.21794470974955,95.34991072972285
2025-07-11,2.3683333333333336,3.34,3.595,7.4,1.6516188308196096,-0.5573938668745306,2.430316759097749,-1.1483165334823033,0.0,27.766666666666666,288.6486826672023,295.2905776049342
2025-07-12,3.34,6.03,5.2625,10.6,1.3230529936655375,-2.805143727974759,1.524056138569475,-4.649863056518164,0.0,28.991666666666664,334.74897540866516,341.85273630304346
2025-07-13,3.19875,5.24,4.97625,10.1,2.7444831518156896,-1.0650857300453478,3.901495188598298,-2.039579022126835,0.0,28.708333333333332,291.2103586485084,297.59915376439847
2025-07-14,3.62625,6.02,5.466666666666666,11.1,3.074858561615066,-1.6259340416329184,4.600061595619737,-2.491425275743675,0.0,27.858333333333334,297.8691409465164,298.44028267208694
2025-07-15,4.56625,6.22,6.720833333333334,11.3,2.72851820259658,-2.8276498836097006,3.876977340240392,-4.230092847082403,0.0,26.78333333333333,316.0221476894345,317.4940265451283
2025-07-16,2.3804166666666666,3.41,3.83375,7.8,0.2925024430855317,-1.2276917049762455,0.5376634200824904,-1.9155564386821606,0.0,27.25,346.5988948946637,344.3214915709201
2025-07-17,2.69125,5.63,4.163333333333333,10.0,2.0046024958867164,1.349337135970264,3.04500049470853,1.9076353245197284,0.3,27.46666666666667,236.0547320362494,237.93363304782952
2025-07-18,2.341666666666667,4.16,3.7229166666666664,7.4,0.5571922839430866,-1.1382193724766694,1.229169363170205,-1.5023804958960738,0.0,27.641666666666666,333.91687518843963,320.71175918542554
2025-07-19,3.5537499999999995,5.92,5.349166666666666,11.3,2.8860802082004824,-1.464801949636584,4.1569319742193676,-2.2729147730453363,0.0,27.016666666666666,296.90962858628575,298.66882378317143
2025-07-20,2.82875,4.83,4.2562500000000005,9.4,1.8027620359572287,-1.7715090527701527,2.779585804875264,-2.6395896981754134,0.1,26.03333333333333,314.4990255757989,313.520180346548
2025-07-21,1.82125,2.63,2.7412500000000004,6.1,1.6183508248649405,0.012953633109223947,2.523016605037808,-0.1658181373086681,0.0,25.891666666666666,269.54140187302437,273.7601955002184
2025-07-22,3.6029166666666668,5.76,5.542916666666667,10.7,2.93288128398607,1.7852788997457596,4.7402290721695515,2.407953920514235,0.2,26.90833333333333,238.67063983851452,243.0702226120498
2025-07-23,4.440416666666667,6.22,6.832916666666667,11.3,4.136684343964125,1.1760503709620733,6.49182731325956,1.6698122140030474,0.0,27.495833333333334,254.12966416945432,255.57521032294483
2025-07-24,4.357083333333333,5.47,6.364583333333333,10.2,3.1691722191247784,-2.1820909137820004,4.491367460890918,-3.2863510703736285,0.0,26.554166666666664,304.5488320168172,306.19307964970295
2025-07-25,4.362916666666667,6.23,6.584166666666667,11.6,2.4147093940518816,-2.846635616915158,3.3866672722458677,-4.453253092885751,0.0,26.28333333333333,319.69313040869815,322.74726967695995
2025-07-26,1.9270833333333333,3.59,3.064166666666667,7.0,1.126557479352164,-0.6030926572762696,1.5373410487827661,-0.9865209053757714,0.0,27.858333333333334,298.161979011255,302.6885310295663
2025-07-27,4.006666666666667,6.74,6.152916666666666,11.2,0.37289898419886763,-1.8200320030592951,0.9065252102678331,-2.5284488773941853,0.0,29.004166666666666,348.42114501262483,340.2757114421588
2025-07-28,6.047499999999999,6.96,8.8775,12.5,-5.67375265806643,-2.045732480067234,-8.46977257038472,-2.5896024199868983,0.0,27.46666666666667,70.17268656554906,72.99917670553981
2025-07-29,5.943333333333334,6.95,9.281666666666666,12.2,-5.812260040772614,-1.0808152645995148,-9.185953286307411,-1.054023751804672,0.0,28.8125,79.46591800850868,83.45433737206247
2025-07-30,4.4725,5.77,7.197500000000001,9.7,-0.873789800894376,0.9811232406359625,-1.8114420872658459,1.68447079709136,0.0,29.108333333333334,138.3116933240245,132.91993595235112
2025-07-31,4.611666666666667,6.36,6.695833333333333,12.1,4.497496337381553,-0.29622503667511363,6.542407117439951,-0.4773034541633987,0.0,26.5125,273.76831106664633,274.17263990855696
2025-08-01,3.8991666666666664,6.4,5.77625,11.9,1.9231045688124302,-3.013659990146751,2.712761881003758,-4.53444349432242,0.0,25.454166666666666,327.45686186966293,329.1097375526521
2025-08-02,5.655,8.1,8.3275,13.2,-0.34642927063956974,-5.382403732191055,-1.0481849116878903,-8.033206145653027,0.8,27.079166666666666,3.682665786301023,7.434040756652156
2025-08-03,2.7158333333333338,5.43,3.997916666666667,12.0,-0.1962337607907357,0.05721286011300375,-0.5569714166271459,0.17317197361224398,16.9,25.90416666666667,106.25428819064692,107.27136614282539
2025-08-04,4.0,5.43,5.5808333333333335,10.4,3.8825312080608048,-0.09753658603571179,5.457050755351344,-0.15991736991353814,0.2,24.820833333333336,271.4390765287278,271.67855665726427
2025-08-05,2.7566666666666664,4.4,4.226666666666667,8.4,0.938137584140005,-2.136461728757982,1.2902957147917289,-3.362662543115571,0.0,26.116666666666664,336.29333449710145,339.00756670613004
2025-08-06,4.850833333333333,7.36,7.609166666666667,12.3,-2.4283857965669875,-3.67441003875522,-4.090545315670958,-5.59270492400147,0.0,28.570833333333336,33.46037083894526,36.1820107981518
2025-08-07,5.252916666666667,8.37,8.395416666666668,14.0,-1.7644113136674002,-4.419011364607202,-3.646155498824615,-6.65596297464158,0.0,29.420833333333334,21.765708666080457,28.71405354760245
2025-08-08,4.8925,6.6,7.3687499999999995,11.7,-2.4113997488829053,-3.8824018972652805,-4.129809241673855,-5.580478379346197,0.0,29.025000000000002,31.844841034958307,36.5031344183246
2025-08-09,3.4149999999999996,6.72,5.314166666666666,11.7,1.2323068941165582,-1.7930309393960224,1.1842704570348663,-2.394142957766654,0.0,26.224999999999998,325.50019812209285,333.68055220857696
2025-08-10,4.0075,6.83,6.077916666666667,11.5,2.060974764295349,-3.0826692669972395,2.905687172337515,-4.724858317766846,0.0,25.079166666666666,326.23457029012394,328.40937026589313
2025-08-11,3.2237500000000003,6.67,4.9816666666666665,11.6,2.1276638976910487,-1.204195752062842,2.878725988398523,-2.141866009180736,0.5,24.916666666666668,299.5085962608753,306.65045011600523
2025-08-12,4.902083333333334,6.94,7.084166666666667,11.4,2.950240951971674,-3.1328391053286704,4.086924705367247,-4.646649863038192,0.0,22.391666666666666,316.71935316710034,318.66700817065464
2025-08-13,3.3516666666666666,5.35,5.285,10.1,1.8817458154807394,-2.2759990473413887,2.699168259563787,-3.715765987859113,0.0,22.675,320.4168079948774,324.0049834290474
2025-08-14,3.1425,5.11,4.8862499999999995,8.5,1.5446298286502405,-2.4480447148535927,2.211194807605815,-3.977766517854588,0.0,23.854166666666668,327.74952049514184,330.93081918829677
2025-08-15,3.7075,5.22,5.7804166666666665,9.9,-0.8564748223044317,-3.453387761237845,-1.7115340999039257,-5.280554613785477,0.0,23.316666666666666,13.928883630732528,17.958553642695215
2025-08-16,3.297916666666667,4.23,5.198333333333333,7.7,-0.8014157396906233,-2.5102226761214923,-1.7942231746641442,-3.8992036331251563,0.0,22.77916666666667,17.706245271915957,24.709579286342816
2025-08-17,3.455833333333333,5.4,5.7825,9.2,-1.5247078914425864,-2.546458627115456,-3.0930717448777956,-3.9406628244864392,0.0,25.020833333333332,30.911327423140325,38.128777768990375
2025-08-18,3.188333333333333,5.41,5.184166666666667,10.2,1.5528266436721994,-1.5577924030939903,2.0474635510814747,-2.6087074704620363,0.0,24.645833333333332,315.0914663001079,321.87313933646044
2025-08-19,4.404583333333334,7.6,6.4675,12.7,-0.9370395229356557,-3.946607408312945,-1.6732101637304149,-5.787073933928039,0.0,23.166666666666668,13.356374086440676,16.126108346220143
2025-08-20,3.9233333333333333,5.78,6.164583333333333,10.3,-1.068435140805523,-2.994603041252051,-2.06071240082435,-4.610492085750595,0.0,24.0125,19.63573437057662,24.082804151630725
2025-08-21,3.3645833333333335,5.36,5.295,10.2,2.724960953112754,-0.8324592130981724,4.071486069218261,-1.5273724739685146,1.7,24.808333333333334,286.98759736873666,290.56301802580396
2025-08-22,2.095,5.09,3.4,9.4,0.7292973614692221,-0.5720899721730232,1.6634935189289977,-1.1468477764307619,0.0,24.695833333333336,308.1120536316813,304.58320480577737
2025-08-23,3.9783333333333335,7.14,6.03125,13.3,3.1798726218092255,2.0121570069441486,4.90896845549693,2.85575699810809,0.0,24.420833333333334,237.6752255828963,239.81160439709578
2025-08-24,4.2370833333333335,5.79,5.999583333333334,10.8,3.4638644758868686,-2.056999380974004,4.963292866746906,-2.8436427135478994,0.8,21.941666666666666,300.70375629332193,299.80989213556484
2025-08-25,4.642916666666667,7.53,6.548333333333333,13.4,3.8711285621222924,-2.2125369797018943,5.336426301845343,-3.14611151516727,0.0,19.116666666666667,299.7500527161642,300.5216459879134
2025-08-26,2.924583333333333,5.67,4.544583333333333,10.4,0.2926167987083958,-1.9516469663271503,0.17195167142995685,-3.032422991112519,0.0,19.683333333333334,351.47297401030465,356.7545537137539
2025-08-27,2.8866666666666667,5.3,4.4174999999999995,9.0,0.13096930592003286,-1.9171194152814206,-0.08727443196267475,-2.996081169634597,0.0,21.4375,356.09187241410547,1.6685272202531116
2025-08-28,5.76875,7.26,9.266666666666667,11.9,-4.496894041113489,-3.4426659206406796,-7.592732184059159,-4.984875486843183,0.0,24.1125,52.56358588681272,56.71379958040404
2025-08-29,6.679166666666667,7.92,10.71125,13.5,-6.1421204306651065,-2.5714982855278596,-10.174408414236623,-3.2670789260015933,0.0,25.55,67.2825865177623,72.19778565914186
2025-08-30,5.8308333333333335,7.9,9.243333333333334,13.1,-5.73174404101874,-0.3191368217770583,-9.05197213567258,0.26859838864745805,0.0,26.65833333333333,86.8131283590363,91.69963400977753
2025-08-31,2.3941666666666666,3.44,4.16,7.3,0.39183487171344383,0.14132222266728786,0.2834520964227996,0.8416069724801855,0.0,24.7375,250.1672583849465,198.61345614793763
2025-09-01,3.0925,4.66,4.9679166666666665,9.2,2.291670011845961,-0.36328901330338725,3.9914514012028808,-0.6577856342247198,0.0,24.72083333333333,279.00790560244025,279.35815163421864
2025-09-02,2.280416666666667,4.17,3.44375,7.9,1.187676532628988,-1.5822382327501472,1.7105620783909492,-2.484099203620109,0.7000000000000001,24.25,323.10698340808557,325.448524081387
2025-09-03,3.36,6.01,4.915416666666666,10.6,-0.03756737544377353,-2.374923763147469,-0.273679289646357,-3.4368576585552915,0.0,25.041666666666668,0.9062491148825538,4.552894354930907
2025-09-04,4.540416666666666,5.64,6.678333333333334,9.4,-2.7096412858199947,-3.3341002813846976,-4.249684385365078,-4.734730991680326,0.0,22.224999999999998,39.10094682027377,41.909741052352004
2025-09-05,4.51625,5.81,6.62,9.9,-3.2676707186775515,-2.871400630462085,-5.010308359209982,-3.9481797431197574,0.0,20.625,48.69325384507824,51.761489659397924
2025-09-06,4.772083333333334,5.6,7.226666666666667,10.8,-3.9517966975595855,-2.6428938418234993,-6.171916606060079,-3.7201542313983715,0.0,20.641666666666666,56.22607341968078,58.92031410253023
2025-09-07,4.988333333333333,5.69,7.78875,10.8,-3.8878253410118386,-3.0912034404375195,-6.355644362097448,-4.439892432534297,0.0,21.8875,51.51184858825773,55.06282386562546
2025-09-08,4.885416666666667,6.06,7.868333333333333,11.5,-4.230523950382875,-2.2618951023535527,-7.167094618581629,-3.021151608893358,0.0,23.09166666666667,61.86833310509454,67.14307517810083
2025-09-09,6.392500000000001,8.44,9.990416666666667,15.7,-5.852748708289885,-2.130170900905825,-9.406486923060902,-2.6405390303418685,16.9,20.220833333333335,70.00047905242607,74.31978902756528
2025-09-10,6.75125,8.2,9.918750000000001,14.2,-6.7072641110696365,-0.5515990614254682,-9.876424435943813,-0.5623471341609275,9.5,19.370833333333334,85.29862906338636,86.74119249671286
2025-09-11,5.965,6.79,8.940833333333334,12.2,-5.582984078803317,-2.0492999700177488,-8.513191081841478,-2.650423619934893,0.0,19.979166666666668,69.84374462839077,72.70699504241011
2025-09-12,5.034166666666667,7.28,7.942083333333333,13.0,-4.3176642146687145,-2.505027967264052,-7.034542049713814,-3.5737250767728064,0.0,19.5125,59.878495237360156,63.068279918691815
2025-09-13,6.572500000000001,7.42,9.55625,13.5,-5.530377443143169,-3.5030766385660126,-8.21869530423334,-4.79878363226243,0.0,17.425,57.64882803529464,59.719929443329704
2025-09-14,7.18375,8.72,10.731250000000001,15.3,-6.787313218919408,-1.781749666121595,-10.240099495053,-2.249452601655738,0.0,18.4375,75.29106473393901,77.61056436126447
2025-09-15,6.858333333333333,8.84,10.679583333333333,15.5,-6.803929225412904,-0.6503993453253797,-10.632229697702277,-0.45141347785103947,0.0,19.658333333333335,84.53958915696974,87.56884833047707
2025-09-16,5.054583333333333,6.73,7.957916666666667,12.1,-4.969301724862912,-0.295333615747982,-7.807257410072071,0.24831129281403908,0.0,18.766666666666666,86.59882010961087,91.8216889722328
2025-09-17,3.32875,4.93,5.476666666666667,9.2,-2.794649709503528,0.43866324374200066,-4.531706865092786,1.3956811153564972,0.0,20.104166666666668,98.9206659946461,107.11785539389184
2025-09-18,3.6029166666666668,5.01,5.7625,8.6,-2.6609244774853766,1.8361513009120163,-4.206341334704018,3.27394345380063,3.6999999999999997,18.333333333333332,124.6073298831533,127.89487747436162
2025-09-19,3.1004166666666664,4.7,4.911666666666666,10.3,-1.0422782287991235,-1.7914855244049936,-1.8671314823492413,-2.5107211362511332,0.3,17.462500000000002,30.190652339276276,36.636832326743395
2025-09-20,3.98,6.86,6.034583333333334,12.5,2.4674056479259217,-2.7073970575491533,3.2778702893267426,-4.336905747272378,0.0,18.054166666666667,317.65529916821833,322.9177013767665
2025-09-21,3.82625,5.23,6.095416666666666,8.8,-0.243754510794001,-3.435277811785479,-0.9523010323726089,-5.496587685989404,0.0,18.224999999999998,4.058692544756048,9.82910274398928
2025-09-22,2.3979166666666667,3.41,4.249583333333333,7.2,-1.0119423532753868,-1.5860519176942491,-2.5401750800409357,-2.5530174084018373,0.0,18.716666666666665,32.538934098927555,44.8555307586559
2025-09-23,2.7704166666666663,4.07,5.295416666666667,8.1,-2.5350494155530816,-0.8103394928689727,-5.1361257073716144,-0.4257101357930572,0.0,20.441666666666666,72.27329652400931,85.2618435971842
2025-09-24,2.3649999999999998,4.19,4.277916666666667,7.7,-0.2154456146119749,-0.5998116326831405,-1.016245320675601,-0.7020008879447718,0.0,18.916666666666668,19.757719381501463,55.36409953390351
2025-09-25,6.666666666666667,9.31,9.496666666666668,15.9,-2.344346629151515,-5.838932460300736,-3.134759986980006,-8.251220623123567,0.5,16.679166666666667,21.875589351665873,20.80252011785053
2025-09-26,6.057083333333334,7.04,8.455,13.5,-4.229597647514544,-4.289421242756769,-6.009705443194254,-5.8872798188000175,0.0,12.533333333333333,44.59765517302834,45.58957995213075
2025-09-27,5.041666666666667,6.26,7.44875,10.5,-4.085794362894296,-2.917330605027578,-6.140132169554607,-4.157899553416974,0.0,12.674999999999999,54.47248139481082,55.8954091437838
2025-09-28,4.14125,5.64,6.5925,10.3,-3.9734313054888033,-1.0466788327945367,-6.406272153387477,-1.2650635545751308,0.0,13.029166666666667,75.24242610604766,78.82937182941089
2025-09-29,6.452083333333333,8.41,9.56,13.7,-6.329677645476892,-0.9592161201590095,-9.420264751836932,-1.1129695226128058,4.4,13.245833333333332,81.38281166721787,83.26195033765389
2025-09-30,9.013333333333334,11.14,12.690833333333332,18.9,-8.776465908119397,-1.9228218964677763,-12.378635184282873,-2.607082668653615,1.1,10.295833333333333,77.64241041434619,78.10666961537969
2025-10-01,5.420416666666667,6.98,8.008750000000001,11.8,-5.34240427646973,0.16978149040757673,-7.889683244700795,0.7028896567066173,0.0,13.216666666666667,91.82024598161414,95.09102412359464
2025-10-02,5.1345833333333335,6.13,7.933333333333334,10.3,-5.071850506448112,-0.4614187978821276,-7.880352989663816,-0.10942057539181733,0.0,14.379166666666668,84.80174510749522,89.20448559758381
2025-10-03,7.59875,8.29,11.443333333333333,14.5,-7.578882236913827,-0.29857504420333175,-11.417210357631989,0.08236107183825979,0.0,15.591666666666667,87.74396178363729,90.41331111645029
2025-10-04,5.640416666666667,7.16,9.19,12.0,-5.248633708475393,1.292311836197672,-8.218646053674055,2.941624062961018,0.0,18.0125,103.83215518122088,109.69334307901916
2025-10-05,2.4308333333333336,4.37,4.3325000000000005,8.5,1.6426590365363447,0.605639053757426,3.03759588268615,0.9348410255901465,3.2,15.433333333333332,249.7613560178034,252.89389145023247
2025-10-06,2.4233333333333333,3.7,4.5945833333333335,6.2,-0.9104094295500248,1.500265040675865,-1.1555245221553772,3.0254468927545166,0.0,16.037499999999998,148.74926718077046,159.09638549953445
2025-10-07,5.2908333333333335,6.71,8.525416666666667,10.9,-5.084730638048867,-1.3773126578296215,-8.34951396941853,-1.5607632912149354,0.0,17.25,74.84385218010587,79.41197270256158
2025-10-08,5.126666666666666,7.1,8.020833333333334,12.3,-4.692601234316877,-0.45108796154897957,-7.0738973158602585,0.08675507826449443,0.0,17.9375,84.50917191097655,90.70264670585924
2025-10-09,2.91,4.2,4.87125,8.6,0.6571200818082578,2.6032360196111672,1.537011491829882,4.307294772245718,4.6,16.520833333333332,194.16690122702505,199.63839091137024
2025-10-10,5.332916666666667,7.66,7.9870833333333335,12.7,4.574178584903116,2.2469881786735075,6.883493940711712,3.315160159824718,8.700000000000001,14.458333333333334,243.83819884580618,244.2840644002066
2025-10-11,4.428333333333334,6.51,6.411666666666666,11.5,4.283274400305833,0.43924849947105016,6.221465315342248,0.4559045011783747,3.7,13.591666666666667,264.1448031017291,265.8088976642825
2025-10-12,2.9416666666666664,4.46,4.620416666666666,8.5,2.7952275538579965,0.11653693793636732,4.427367256690971,0.10471897216836488,0.4,13.424999999999999,267.61264155910396,268.6450555645389
2025-10-13,4.986666666666667,8.32,7.5125,13.9,4.163107157178566,1.3064160899053794,6.455331620253381,1.8347703093363015,4.1,13.166666666666666,252.57772846551188,254.1334946806481
2025-10-14,1.5929166666666665,3.83,2.3675,7.5,-0.14388146707530985,-1.1507171524406117,-0.17272194720292852,-1.5413665443202795,0.0,10.975,7.127066727746253,6.3937587397156035
2025-10-15,1.9279166666666665,3.81,3.1808333333333336,7.5,1.5731385210996176,-0.940672187893061,2.6401930874430715,-1.4592499570384962,0.0,10.920833333333334,300.8776893046733,298.9296821363434
2025-10-16,2.6675,3.95,4.097083333333333,7.4,1.2972093729241074,-1.2772100556159933,2.104778831875374,-1.8714746162873617,0.39999999999999997,9.825,314.5549080262103,311.6420554344368
2025-10-17,2.38875,4.45,3.9287500000000004,7.3,0.8134985852665867,1.0472771407165409,1.6844292817991835,1.4716655530772382,0.1,10.679166666666667,217.8391634583798,228.85667973079507
2025-10-18,2.8179166666666666,4.42,4.88,8.5,-2.3243108729647735,-1.1797460083044948,-4.306716876334392,-1.4963164817378136,0.4,10.454166666666667,63.08910472842981,70.84083761293236
2025-10-19,1.8158333333333332,3.33,3.1254166666666667,7.4,0.6367410319958794,0.053804001096447646,0.7586528896046348,0.1892443616734588,2.8,11.783333333333333,265.17003571832487,255.99353323467466
2025-10-20,5.546666666666667,7.73,8.045416666666666,13.3,5.161473168774072,0.5505714976274213,7.495734070776443,0.7126966915773963,1.9,10.366666666666667,263.9113142377105,264.56862747697687
2025-10-21,4.742916666666667,7.43,7.289583333333333,13.1,4.46004954705369,1.3762589697933112,6.901053862907625,1.9875129163858887,1.7000000000000002,9.679166666666667,252.85109158033322,253.93352736939505
2025-10-22,2.6354166666666665,3.93,4.72125,6.6,-0.10563428469351445,0.6603184591533483,0.3282032449934919,1.413002493789916,0.0,10.783333333333333,170.9111333303619,193.0764283079388
2025-10-23,4.243333333333333,5.63,7.1312500000000005,10.1,-4.033438403353081,0.909871967292499,-6.615487080781784,2.2247532789341617,1.7000000000000002,11.870833333333332,102.71213057041184,108.58751962539348
2025-10-24,3.8341666666666665,5.48,6.665833333333333,9.7,-2.7956620596279578,2.4903403624557674,-4.232664625019427,4.971675102057095,1.0,13.762500000000001,131.6942449860337,139.59039412980107
2025-10-25,5.28875,7.92,8.753333333333332,14.3,1.9125760502750195,2.9910043813757343,3.233905214071962,4.971571428143746,13.7,13.387500000000001,212.5965866651289,213.04317606485077
2025-10-26,1.5770833333333334,4.44,3.251666666666667,7.3,-0.38806067000371747,0.4006446677108904,-0.46241899684600957,0.7835692326106507,0.0,12.025,135.9140914234038,149.4532582545597
2025-10-27,6.0945833333333335,9.75,10.4375,15.9,-1.5489977366108925,5.307069271259724,-2.0583577230932093,9.43705121608785,3.1,13.058333333333332,163.7288260278349,167.69566592632466
2025-10-28,3.095,8.14,4.745,15.4,2.125616000495454,0.22914583442908595,3.6943487531593657,0.7228974962946885,7.5,12.983333333333334,263.8471568090166,258.92845111174955
2025-10-29,4.652916666666667,5.94,7.350833333333333,10.6,3.5303619947443856,0.3362680371510336,5.687793312420088,0.6838188349188185,0.30000000000000004,12.4125,264.55897500559564,263.1444798113153
2025-10-30,3.1679166666666667,4.35,5.377083333333334,8.2,2.6784807706935063,0.6525638999211488,4.637390608255424,1.1610826822758282,0.5,12.35,256.3076593947651,255.94358268108402
2025-10-31,5.548749999999999,6.91,9.107916666666666,11.5,2.7192364429705314,4.567095250627873,4.864978158138402,7.36267111739136,0.2,13.5375,210.76945685340826,213.45523882617613
2025-11-01,4.817083333333334,6.31,7.320416666666667,11.4,4.618430060553736,-1.061202265686573,6.97599173878729,-1.8142333370116575,0.0,12.158333333333333,282.94054950304303,284.5778741471072
2025-11-02,1.96125,3.35,3.4279166666666665,6.2,0.701610326303379,-1.178756823067643,0.9824509852653308,-2.0344005381304178,0.0,11.262500000000001,329.2383801597455,334.2232134593659
2025-11-03,4.657916666666667,6.1,7.574999999999999,11.1,-4.569886067155182,0.551177722439237,-7.377352075061627,1.2918716069004115,0.0,10.012500000000001,96.87727171992107,99.9325376170437
2025-11-04,3.0975,4.57,5.346666666666667,8.2,-2.9320230648280945,0.7276662250937798,-4.799348209268888,1.802544749081451,0.0,10.291666666666666,103.93799722435432,110.58523222623879
2025-11-05,1.1891666666666667,2.1,2.1779166666666665,4.8,-0.651001291127198,-0.1316380400968078,-1.2618026408215461,0.24960156886650073,0.0,10.1,78.56844461949788,101.1894218967265
2025-11-06,2.38125,4.12,4.107083333333333,6.7,-2.068261636936993,-0.971764536631685,-3.7754593402595433,-1.1767766436752543,0.0,11.179166666666667,64.83370118500291,72.68821424188702
2025-11-07,4.122083333333333,5.16,6.5475,9.3,-3.7764215403452663,-1.6271951286778379,-6.156554283136564,-2.177835278393282,0.0,9.941666666666666,66.6896205902527,70.51914557408345
2025-11-08,4.075,4.75,6.937083333333334,8.8,-3.835906228371545,-1.2939715546697057,-6.726461081190796,-1.4841744093052167,0.0,11.0875,71.359134787509,77.55721955752556
2025-11-09,2.3087500000000003,4.28,3.7495833333333333,8.0,0.6358763468983667,0.7887435881566768,0.5898377099987838,1.2832276548866053,0.0,10.325000000000001,218.87537557782377,204.68595484402093
2025-11-10,2.317083333333333,3.43,3.515416666666667,6.3,0.07314929344242112,1.502285975408463,0.22635198432361245,2.125410482250187,0.0,12.266666666666666,182.7876438206548,186.07897331349622
2025-11-11,2.9912500000000004,4.24,5.2404166666666665,8.1,-2.903312888407287,0.56686897548262,-4.8949419023469245,1.6907978581563985,0.0,12.1,101.0479531021091,109.05580053593933
2025-11-12,2.858333333333333,7.48,4.96,12.6,1.2578577263661201,1.591481173133728,2.6141697950929723,2.5874563724524093,6.2,11.65,218.32175859164542,225.29424508196075
2025-11-13,3.1029166666666668,7.14,4.652083333333334,12.1,2.3985423786271056,-1.2825835435775903,3.3370674652578534,-1.991817779537025,0.0,10.095833333333333,298.1349564457432,300.8319924521493
2025-11-14,2.6141666666666667,3.82,4.443333333333333,6.8,-1.8833064987184003,-1.72268527013152,-3.541054439791022,-2.5510628351139943,0.0,8.2875,47.5504327018585,54.230092845159156
2025-11-15,2.3925,3.9,4.03875,7.5,-2.049550118153336,-0.9077815649807253,-3.6267504536901662,-0.8895723670046124,0.0,9.054166666666667,66.11061011571667,76.21852097791584
2025-11-16,1.7941666666666667,3.11,3.3033333333333332,5.3,-0.5554721634435956,0.7880553383825668,-0.8403786331118012,1.492380205670946,0.0,9.733333333333333,144.82135304696283,150.6155747914186
2025-11-17,5.0129166666666665,6.64,8.369583333333333,11.5,1.03060435693547,4.718844497147164,2.2573834258234498,7.829498984603344,0.1,12.75,192.32004917183397,196.0832097391156
2025-11-18,7.47625,9.25,12.124166666666667,15.3,2.049368014375942,7.0537108016616905,3.754584655230857,11.320336578981873,0.0,15.225000000000001,196.2005661848736,198.34899120896162
2025-11-19,6.017499999999999,8.03,10.058333333333334,12.9,3.4723015402807356,4.760375335821691,5.982586484682815,7.868029670612174,0.0,15.7875,216.1076694249215,217.24814368959755
2025-11-20,2.3541666666666665,3.6,4.119166666666667,6.2,-1.5744897463856766,0.08986955253650397,-2.159621639782776,0.8050921318920966,0.0,12.012500000000001,93.26681395278688,110.44511005345205
2025-11-21,2.10125,3.84,4.232916666666667,6.2,-1.1455891891381986,1.4874946915919711,-1.065705474680101,3.583957384570773,0.0,10.954166666666666,142.3984510264722,163.4399229576725
2025-11-22,3.1466666666666665,4.18,6.737916666666667,6.6,-1.5525218885844823,2.4109039706855073,-1.9251389163433945,6.039257898403084,0.0,12.529166666666667,147.22014914335992,162.3192385308625
2025-11-23,3.3579166666666667,4.56,6.6312500000000005,7.2,-1.6072106714576846,1.9969902687207213,-1.666393069484207,4.648752226642274,0.0,13.225,141.17231606043802,160.27925941273114
2025-11-24,3.1337499999999996,4.83,5.901666666666666,8.1,1.510875851342193,0.45282047996926256,2.601670773842146,1.4252321464294626,0.2,11.708333333333334,253.31614422573327,241.28544713031624
2025-11-25,2.254583333333333,4.15,3.90375,6.6,-0.6550137444436169,-1.1113225010029555,-1.1438557441317596,-1.6921563816093086,0.0,9.975,30.515107511206153,34.057717998217974
2025-11-26,3.565,5.09,5.809166666666666,8.9,-3.4764715040066783,0.5040409905290503,-5.647619774734161,1.1145240793539664,0.0,9.1875,98.24962247616985,101.16353538784183
2025-11-27,2.5275,3.27,4.77875,5.9,-2.4612430920468555,0.19252448950973744,-4.5064907986794775,1.342465817819875,0.0,9.954166666666667,94.47270919492287,106.58858640856012
2025-11-28,2.4483333333333333,3.5,4.6175,6.0,-2.320333773554974,-0.25058424817446395,-4.375118366173666,0.24106616420544383,0.0,8.254166666666666,83.83623555877828,93.15377105488515
2025-11-29,3.28375,4.95,5.359166666666667,7.9,-3.191875251173626,-0.6731317607065272,-5.289818222464617,-0.6893196774878941,0.0,7.291666666666667,78.09143851726861,82.5755851535091
2025-11-30,5.7875000000000005,6.75,8.84875,11.5,-5.73389715546969,-0.415715088396708,-8.767953967809028,-0.28022645156685755,0.0,6.941666666666666,85.85323617881502,88.16943273178786
2025-12-01,4.53875,5.34,7.097916666666666,8.7,-4.451812979370852,0.6003294260792421,-6.897773065766107,1.4150800233974836,2.0,8.316666666666666,97.68003797989442,101.59338871349289
2025-12-02,3.0054166666666666,3.97,4.355416666666667,6.6,-2.863786421634938,-0.6894475986023906,-4.197717787969867,-0.6714204728671676,2.3000000000000003,7.804166666666667,76.46381204341029,80.91257610268049
2025-12-03,3.452916666666667,4.67,4.79875,7.9,-3.218075802172237,-1.1771173632302188,-4.5302389977264275,-1.4738775176307881,0.0,7.241666666666667,69.90834032404591,71.97811129012922
2025-12-04,5.070416666666667,6.47,7.243333333333333,11.6,-4.909683912302577,-1.2118624087479648,-7.049370329302994,-1.5788307996101045,0.0,6.304166666666667,76.13477085176527,77.37592892142852
2025-12-05,6.072500000000001,6.95,8.837083333333334,12.1,-5.737736094854772,-1.8921973637867582,-8.421350550580847,-2.564039084294755,0.0,4.370833333333334,71.74841715458146,73.06613979631506
2025-12-06,6.0062500000000005,7.46,9.065416666666666,12.3,-5.685508306990695,-1.5939383097315005,-8.671907293409449,-2.1111792616324547,0.0,5.825,74.33910302639981,76.31748746691693
2025-12-07,9.555416666666666,11.55,13.950833333333334,20.4,-9.52423605399291,-0.5382408635071038,-13.923046641340285,-0.4458046635055292,0.0,5.283333333333333,86.7654977871813,88.16606216395793
2025-12-08,8.41375,10.37,11.975833333333334,17.2,-8.358003226256317,-0.7496870340339107,-11.915943105667145,-0.7828753654797423,3.0,3.4291666666666667,84.87446235106628,86.24107957409649
2025-12-09,3.4308333333333336,5.66,5.01375,10.4,-3.183221625983013,-1.025612214255608,-4.804402993223698,-0.8954470758562887,0.6,4.9750000000000005,72.14141479235501,79.44232095899001
2025-12-10,2.450833333333333,4.24,3.810833333333333,7.4,1.7928623110536102,-1.1681740950267594,2.7946733938562933,-1.7198280802715395,1.8,4.7,303.0870320723117,301.607934506664
2025-12-11,1.6829166666666666,2.55,2.686666666666667,4.8,-0.05643198262431371,-0.8945901243619029,0.0207173731642947,-1.3347551812607332,0.0,4.079166666666667,3.609514371596943,359.11075622603903
2025-12-12,4.4591666666666665,5.99,7.635416666666667,9.7,2.833221731023393,2.184512577819075,5.333763924777987,3.0681345217145286,6.3,5.404166666666666,232.36652590935867,240.09124797678794
2025-12-13,8.014166666666666,10.03,11.720833333333333,17.0,5.142640910487086,-4.632051108792618,7.7297792951538655,-6.669376141184901,1.8,4.058333333333334,312.0098212653776,310.7881455828786
2025-12-14,3.56375,6.6,5.300833333333333,11.5,2.3084429283547947,-1.1491913985857838,3.4966850074214624,-1.5029065884052295,0.0,0.03333333333333332,296.46508677359043,293.25846701988075
2025-12-15,3.061666666666667,4.84,4.8029166666666665,8.2,-1.8739575128071033,-0.2644852429762636,-2.5531222365723827,0.05545148369851397,2.4,0.24583333333333335,81.96649157353188,91.24421639825283
2025-12-16,2.50375,3.38,4.11,6.6,-2.165954135461986,-0.6605364092103894,-3.515367506652439,-0.9950078670956274,0.0,-0.6083333333333333,73.04022062800111,74.1960897059709
2025-12-17,1.3516666666666666,2.64,2.098333333333333,4.8,-0.5289439659701886,0.3183396384672593,-0.825053021692943,0.421641366158601,0.0,0.4041666666666666,121.04121158710623,117.06919493525645
2025-12-18,2.4270833333333335,3.45,4.244166666666667,6.1,-0.07710687632752126,2.27311708913652,0.49123976992349955,3.830671393787888,0.0,2.2875,178.05720290763688,187.30764385309766
2025-12-19,2.205,3.53,4.5062500000000005,5.7,0.8498011169928046,0.779346288344083,2.588755927204104,1.1915779920307634,0.0,4.4624999999999995,227.47629560245417,245.28386602133727
2025-12-20,2.9066666666666667,4.02,4.2225,6.7,-2.604700956780593,-0.9371625191923867,-3.8692800913615053,-1.1011880699301175,0.0,2.9291666666666667,70.21144177272903,74.11377080908048
2025-12-21,2.7670833333333333,4.39,3.8433333333333333,7.5,-2.549739101825914,0.7389203379075752,-3.501232494578183,1.1556964400983,0.0,2.3208333333333333,106.16171151438903,108.26716529948177
2025-12-22,1.6904166666666667,2.87,2.922916666666667,5.1,1.1880847940808286,-0.7976023839633535,2.04989107304888,-1.7029638736732384,0.2,3.591666666666667,303.8748269845052,309.7183863545188
2025-12-23,1.0733333333333333,2.27,1.95625,4.4,-0.10282159161383882,-0.5799161944914119,-0.23069058945048818,-1.1883888457247371,0.0,2.7375000000000003,10.05429453667229,10.985653098704772
2025-12-24,3.129583333333333,5.55,4.56,9.7,-2.244058616835878,-2.037894841915462,-3.3840146577034314,-2.72865935555787,0.0,1.2208333333333334,47.75649873878861,51.11945071186547
2025-12-25,3.3699999999999997,5.27,4.729166666666667,9.6,-2.0411074113012995,-2.483420422799606,-2.7094302252355846,-3.503698780252128,0.0,-5.033333333333333,39.41656724997195,37.71498544644196
2025-12-26,6.6925,10.84,9.617916666666666,18.8,6.46903708187202,0.2294577654947834,9.320207803127776,0.2530213459385144,3.5,-1.1625,267.96856131858596,268.4449385977616
2025-12-27,3.57375,5.19,5.647916666666667,9.0,3.067911687763518,-1.6863056129754408,4.74867223687606,-2.950334515613456,0.30000000000000004,0.5083333333333333,298.79579621970066,301.8525489175664
2025-12-28,5.30375,7.5,8.649583333333334,12.3,2.8624132478814843,2.8820609744074392,5.153335977282538,4.223106644475052,5.5,0.6958333333333333,224.80403299349865,230.66572850718973
2025-12-29,5.445416666666667,7.72,8.87125,12.4,4.894158564562592,0.9246382933465512,8.130911331438787,1.2779635370550158,3.6,0.2333333333333333,259.3013854395369,261.0676982658829
2025-12-30,6.183333333333334,8.54,9.798333333333334,14.7,5.78075205531091,0.45649724998605734,9.223940132551997,0.4916441028317038,2.1,0.6208333333333333,265.4848089698283,266.94897179769407
2025-12-31,4.777916666666667,5.91,7.700833333333333,9.4,4.541618720265073,-0.10553783893991536,7.324553535992776,-0.3013757453909595,0.7,-1.0875000000000001,271.3311959974534,272.356160476081
2026-01-01,4.14,5.12,6.507083333333333,8.4,4.057520259759918,-0.46263314082373896,6.3959911434123695,-0.705312669048376,0.30000000000000004,-2.5416666666666665,276.50469913098203,276.29281948804476
2026-01-02,5.555416666666667,7.57,9.68375,12.2,0.34542390856757704,5.368290874595821,1.3886030934110565,9.260156250927952,0.0,-1.3916666666666666,183.68163464774597,188.52822200898336
2026-01-03,8.479583333333332,11.39,14.122083333333334,18.7,1.1646675507560187,8.361133385427257,2.7519232407024656,13.815262455446854,0.5,4.083333333333333,187.93001289972563,191.26554471034024
2026-01-04,6.099583333333334,11.06,10.235833333333334,17.7,0.8458155143130468,3.8374438879272077,1.8295437554812253,6.223344337431015,9.5,4.708333333333333,192.42988755471703,196.38232364399326
2026-01-05,5.767083333333333,11.18,9.164166666666667,18.1,0.34517642713980273,0.8906593081940529,0.643602687701344,1.5779063711879828,12.6,5.1000000000000005,201.18391922682983,202.18975914763362
2026-01-06,4.506666666666667,6.6,7.544583333333333,10.6,-4.330670919223838,1.0294643344977452,-6.892676542707965,2.6580257753763603,6.8999999999999995,4.329166666666667,103.37186491563658,111.08815672466885
2026-01-07,3.28,5.0,6.553333333333334,8.0,-1.9097671814818709,2.530636837740734,-2.373186498530087,5.74772050687065,0.0,6.020833333333333,142.95965166387694,157.5646724182008
2026-01-08,6.140833333333333,8.76,10.72375,13.8,-1.6130279323634946,5.738055087954204,-2.0520906085259454,10.279524878912282,4.0,9.183333333333334,164.2987656277699,168.71051170758332
2026-01-09,6.147083333333334,8.39,9.222083333333334,15.0,4.5726775353153855,2.2852338316247884,6.746002337602117,3.5543962682790755,5.1000000000000005,4.825,243.4460257973579,242.21573487791042
2026-01-10,5.034583333333333,9.1,7.702500000000001,14.8,0.1860480013271857,4.517391039027538,0.6511236453597578,6.751498457249787,1.1,4.3374999999999995,182.3583843637624,185.5086461268653
2026-01-11,7.387083333333333,9.75,11.377083333333333,17.0,1.2407450119776997,4.760497926326857,2.002234718728046,7.800217071249168,7.4,5.629166666666666,194.60820699441553,194.39641224252466
2026-01-12,5.015833333333333,5.72,6.609583333333333,10.4,2.633897779153278,-4.121534194043822,3.4875063646379747,-5.425291681381253,1.2000000000000002,-2.5083333333333333,327.4190786139351,327.2661273840441
2026-01-13,3.6024999999999996,5.32,5.029583333333333,9.3,0.664464752900344,-3.4700422738077275,1.0393265528098705,-4.812097412753116,0.0,-3.9458333333333333,349.1598765525607,347.8123506810558
2026-01-14,2.3808333333333334,4.01,3.5383333333333336,7.1,1.1759066086504768,0.38960440558868425,1.5062629203434117,0.6457338022427451,0.1,-2.8041666666666667,251.66880081565338,246.7952219913844
2026-01-15,3.189583333333333,5.84,5.875416666666666,9.2,-0.6182159387168289,1.5209579751625615,-1.2207848695908108,3.3445108263087238,2.1,-1.8958333333333333,157.87998681399634,159.9473370802694
2026-01-16,5.215,8.38,7.28375,13.7,-3.6880783797102636,-2.5166835053818857,-5.068169029247854,-3.4599117063161073,5.9,-4.2,55.691020991085914,55.679628124656794
2026-01-17,7.631666666666667,8.7,10.428749999999999,14.1,-6.765215092645526,-3.4765419975524687,-9.27363651217234,-4.686341331932049,0.5,-8.858333333333333,62.80205207372968,63.19069530281531
2026-01-18,8.154583333333333,8.65,11.275416666666667,14.2,-7.362913887542573,-3.4731860268861534,-10.245152930456,-4.667216983726055,0.2,-7.433333333333334,64.74611453101132,65.50818859394607
2026-01-19,7.099583333333334,8.44,9.706666666666667,14.0,-5.87051257552194,-3.8907011623577348,-8.074910553980319,-5.249063662515781,0.1,-9.854166666666666,56.465444626511776,56.97427790626635
2026-01-20,2.60125,4.63,3.935416666666667,8.7,0.4049930682049558,-1.2382777730792622,0.22592915688936235,-1.974649389105692,0.0,-8.358333333333333,341.8890685713994,353.4728964423902
2026-01-21,4.6075,7.07,6.867916666666666,11.5,4.161699675093806,0.9615551572896007,6.193034904885352,1.520660308874718,0.0,-3.920833333333333,256.99018320949256,256.20431874648926
2026-01-22,4.465833333333333,7.43,8.219583333333334,11.6,-3.736848021232973,0.44812363572803643,-6.096816820611299,1.5983776549235387,0.0,-3.2416666666666667,96.83826718525145,104.69039555489725
2026-01-23,5.921666666666667,6.68,9.193333333333333,10.6,-5.831952633008876,-0.9185230876045362,-9.141851285492923,-0.7096845999212382,7.9,-1.6833333333333333,81.0495319577128,85.56101465168963
2026-01-24,4.808333333333334,5.79,6.590833333333333,9.3,-3.9951490936772474,-2.4597913041171102,-5.581583375764104,-3.1634592869812823,4.1,-2.4250000000000003,58.37962158960822,60.456850823919716
2026-01-25,3.05875,4.39,4.039166666666667,7.1,-2.479918011214978,-1.633997007693356,-3.275584804608886,-2.150422193186865,2.1,-4.895833333333333,56.61945059804739,56.71509166860497
2026-01-26,6.725416666666667,8.47,9.2125,13.7,-6.605353357057811,-1.0886452153143205,-9.070557716856559,-1.3399761301398756,0.1,-7.470833333333334,80.64106994576403,81.59658330953808
2026-01-27,6.954166666666667,8.62,11.36625,13.9,-6.609114520386869,1.2487860897676832,-10.247496092624436,3.205522662536255,0.0,-3.5124999999999997,100.69984043404897,107.37022204346202
2026-01-28,4.015416666666667,4.94,8.25375,7.6,-3.0070783873472977,2.612480712317559,-4.089024492620657,7.07347386594138,0.0,0.9291666666666667,130.9833624251492,149.9687083766692
2026-01-29,3.1958333333333333,4.96,7.490833333333334,7.8,-0.8122589273856199,3.027483178517152,0.09742612446137167,7.331985818204468,0.0,3.3083333333333336,164.98150973408264,180.76129133116837
2026-01-30,4.894583333333333,6.33,9.882916666666667,9.7,-3.324523642675775,3.381881969036767,-5.195394539606364,8.09647102726212,1.7,4.470833333333333,135.4900255190711,147.31226662537279
2026-01-31,5.771249999999999,6.9,10.008333333333335,11.3,1.416178981848521,4.844892626331165,2.8595566236424634,8.435917183978068,4.5,5.125,196.2938251829163,198.72532291191058
2026-02-01,4.6000000000000005,6.13,6.322083333333333,10.6,3.5860539932184845,-1.5655348038066152,5.0765798836643405,-2.0358677254001867,0.0,-1.3083333333333333,293.58425161159255,291.85233314517143
2026-02-02,6.7175,8.29,9.224166666666667,13.7,-4.976667116704917,-4.010902153604371,-6.88133957472328,-5.43471665689891,18.1,-4.529166666666667,51.133220440974945,51.6991686324168
2026-02-03,4.7804166666666665,6.93,6.714583333333334,11.3,-1.4992432590615536,-4.489391072123092,-2.1064567182639835,-6.301214033548245,0.0,-6.308333333333334,18.466869666307716,18.48446162481835
2026-02-04,2.9891666666666663,4.55,4.885416666666667,7.7,-2.792125674105058,-0.22290274746139746,-4.675334734678777,-0.478083328328802,0.0,-8.558333333333334,85.43560724161512,84.16142828041869
2026-02-05,5.989583333333333,7.95,8.592083333333333,12.8,-5.928810026826299,-0.5691788296830919,-8.525019411428465,-0.6881934508294388,0.0,-7.929166666666667,84.51628442873145,85.38473066787608
2026-02-06,6.700833333333333,7.91,11.080833333333333,12.9,-6.529767315963979,0.9297021579610331,-10.553558804087524,2.5601171423385196,0.2,-2.625,98.10325649116226,103.63560212443151
2026-02-07,4.63875,6.38,9.030416666666666,10.2,-3.7751725346740943,2.5158154457387085,-6.4436662140621594,6.050658574381774,2.6,2.279166666666667,123.6799138543045,133.19836146015723
2026-02-08,4.774166666666667,6.85,8.374583333333334,11.3,4.005319127669375,0.7623896527126851,6.829461832536115,1.4087909366643734,2.9,2.0749999999999997,259.22299468564086,258.3444338378829
2026-02-09,5.567916666666666,6.31,7.809166666666667,10.9,2.377330979844538,-4.5350206719156985,3.4649046970890236,-6.280810156412081,0.5,-3.4375,332.3357467980946,331.1160050075655
2026-02-10,2.3366666666666664,4.2,3.6304166666666666,6.7,-1.9071999375628474,-0.32881051674192746,-2.9268885654106227,-0.6677111823229559,0.0,-7.445833333333334,80.21809064922931,77.14903522087236
2026-02-11,3.154583333333333,5.15,5.612916666666667,8.6,-2.4195970713561983,0.6701357976676098,-3.650690887927411,1.4502741189154396,0.0,-5.229166666666667,105.48069521669439,111.6659540682497
2026-02-12,3.9970833333333338,5.53,7.56,8.8,-2.6304020901655996,2.684403436953304,-3.8509158185650243,5.674911319960311,0.1,2.7125,135.58213659494103,145.8397307210114
2026-02-13,5.519583333333333,7.6,9.797916666666667,12.7,-4.065108801952012,3.3297291432112925,-6.208077952314501,6.906456743297707,16.3,6.95,129.32089290948318,138.048251292825
2026-02-14,6.139583333333333,8.21,10.445416666666667,13.3,0.7828443230976112,3.8921215411898022,1.3660625552899759,6.689531227181548,1.8,8.174999999999999,191.372483094307,191.54162690202028
2026-02-15,3.794583333333333,6.32,7.1025,10.1,0.9237010999918583,2.508315190249919,2.2928380686804877,4.538011493035754,0.0,6.304166666666667,200.21651188054238,206.80526582456972
2026-02-16,6.252916666666667,11.22,10.385416666666666,18.1,2.7918466346865163,4.17683691061235,4.648450957276066,6.940472209700015,0.8,8.020833333333334,213.7592305790356,213.81259517831782
2026-02-17,3.845833333333333,6.79,6.203333333333333,10.7,-3.1462017715042623,-1.304846252156475,-5.014532116275713,-1.8103044676061009,0.6,4.541666666666667,67.4744065139466,70.14982756146897
2026-02-18,6.868333333333333,9.14,11.3125,14.7,-6.713818439991406,0.825162214685541,-10.943035709138416,2.41895093793094,7.7,7.2749999999999995,97.0068010842507,102.46475361771775
2026-02-19,8.175416666666667,12.66,12.206666666666665,21.4,6.026099928177879,2.9739966760722822,8.800907025375205,4.540450051836599,5.4,3.65,243.73277115236255,242.71047156883918
2026-02-20,3.168333333333333,5.55,5.7491666666666665,10.7,1.7398856616040852,2.0113220374743825,3.739332117668587,3.6626754975398654,0.0,4.9375,220.86130611710598,225.59334494435166
2026-02-21,6.439166666666666,8.1,9.497083333333334,13.2,-3.695444468096119,-3.0480678577880647,-5.011410892396033,-4.096530914581369,0.0,3.4499999999999997,50.48358562066313,50.736040248931786
2026-02-22,8.159166666666666,9.98,12.21625,17.1,-7.9630113443185,-1.6406615232403883,-12.020951822271059,-1.7949063647202677,0.0,3.1,78.35795874578025,81.50763180026311
2026-02-23,2.2912500000000002,4.8,3.3508333333333336,8.7,-1.4123315052694843,-0.49380590892775467,-2.0643547060238556,-0.18872240469187507,0.1,2.2333333333333334,70.7283920058341,84.77656428158383
2026-02-24,3.2100000000000004,6.53,5.552916666666667,10.2,-0.09847130675845824,2.8989632988632805,0.3122112951907737,5.237196651576126,1.3,5.0,178.0545383734372,183.411604506846
2026-02-25,3.1329166666666666,6.32,5.435833333333334,10.5,-1.516921795521623,1.7583578296955364,-2.092604604300868,3.557214293365146,11.3,5.375,139.2159121616475,149.53295203496893
2026-02-26,4.032916666666667,7.18,5.852083333333333,11.8,-0.0071404893324530745,0.4270869572810427,-0.06414991351691768,0.7063765450100954,1.5,3.8000000000000003,179.0421580855047,174.8108916074238
2026-02-27,7.1325,8.38,10.071666666666667,15.1,-5.458916937132898,-4.499532050218234,-7.948479705726071,-6.038624455484459,0.0,1.6624999999999999,50.502823579520545,52.77531159472005
2026-02-28,6.007916666666667,8.02,8.984583333333333,14.1,-5.109047923275763,-3.098149052884152,-7.858165840018066,-4.2454524875957835,0.0,2.254166666666667,58.767193796946486,61.61942234669549
2026-03-01,2.5691666666666664,4.57,4.701666666666667,7.4,0.9742738279683968,-0.6149003472144713,1.0773470612720562,-1.2437044380511877,0.4,2.1083333333333334,302.25754306168346,319.0995662021742
2026-03-02,3.72,5.81,6.297916666666667,10.2,3.3996553733097614,0.7854363676963466,5.583981477381798,0.3840549325368152,0.0,4.1125,256.9909747043113,266.06550848212663
2026-03-03,4.6075,6.02,7.141666666666667,10.3,4.098862753557505,0.9734436430850769,6.384788334986919,0.8458460373477822,1.2,4.558333333333334,256.6402613633131,262.4534949248491
2026-03-04,4.575,5.66,7.04,10.3,3.248410108736207,-1.3794935280761875,4.963990496846831,-2.0730799732045355,0.1,3.4625,293.009343800257,292.6665704741508
2026-03-05,7.032916666666666,10.11,11.169166666666667,16.9,5.600822115695443,4.107699286127475,9.175170269052574,6.101651811580816,3.1,5.233333333333333,233.74330360771177,236.37538556597778
2026-03-06,3.65375,6.12,5.7820833333333335,11.3,3.150757429667865,-1.6292102463165057,4.813367031847038,-2.9795633000089747,0.7,3.4583333333333335,297.3428186740508,301.7582744154066
2026-03-07,3.155416666666667,6.22,4.618333333333333,10.4,-0.11768540016807709,-2.6649402167621328,-0.09125701953679288,-3.7802919647487534,0.0,1.3833333333333335,2.5285740332228728,1.3828632315592944
2026-03-08,3.7591666666666668,5.36,6.3183333333333325,10.1,3.360190568085829,1.1674143079944648,5.909222044717098,1.2595494142513586,0.0,3.4583333333333335,250.84149339658927,257.9674839385211
2026-03-09,3.1058333333333334,4.32,4.9470833333333335,8.5,2.3064273013265417,-1.8058181044193793,3.215460995946805,-3.4842198168067537,0.0,4.254166666666666,308.0591810907362,317.2971981075005
2026-03-10,2.3858333333333333,3.64,4.190833333333333,7.5,1.9360996598211822,0.8683667412805461,3.59988461362037,1.6528196512908844,0.0,5.258333333333334,245.8431239605552,245.33866425217423
2026-03-11,2.3958333333333335,4.74,4.447916666666667,7.9,-1.6490200284455094,-0.7173782810007566,-3.0255610821499483,-0.6446920475347536,0.0,7.483333333333333,66.48936547435817,77.97120918119717
2026-03-12,4.841666666666667,6.38,8.18875,11.1,-4.612502280288264,-1.1307234913844608,-7.96298756186793,-0.945667778825153,0.0,8.549999999999999,76.2259603272449,83.22739299465404
2026-03-13,6.0562499999999995,6.95,9.317083333333333,12.5,-5.906495429426683,-1.1888944343770416,-9.180354741858869,-1.3572491813447567,0.0,6.6125,78.61924041631069,81.59015219129166
2026-03-14,7.3,8.61,10.91125,15.2,-7.162874569813244,-1.303519070370843,-10.795318327639208,-1.3934134306287624,0.0,7.2875000000000005,79.68603065793117,82.64517153693679
2026-03-15,8.205833333333333,9.96,12.17875,17.8,-7.999327950575388,-1.6626554606429147,-11.954667291580682,-2.0824813682167513,0.0,7.7250000000000005,78.25828796092081,80.11833593463278
2026-03-16,4.49125,7.29,6.539166666666667,12.2,-2.839563368301429,-2.6019925178824748,-4.708214314596652,-3.4156086687850995,0.0,8.049999999999999,47.499867473278385,54.04071589113918
2026-03-17,2.8891666666666667,4.58,4.70875,9.3,2.618832663129366,0.5309732732626247,4.302309431588157,0.29075599660467943,0.0,7.2875000000000005,258.53854065607527,266.1337511920616
2026-03-18,2.4341666666666666,4.86,3.7904166666666668,7.9,0.7165592888152741,-1.6569674946538004,0.5654129069757489,-2.7287177359113968,0.0,5.991666666666667,336.61382331035736,348.29350436875393
2026-03-19,4.668333333333333,6.3,7.701666666666667,10.2,-4.254457343114703,-1.6353755701862678,-7.303964190811242,-1.7966059660192764,0.0,9.816666666666666,68.97368399997633,76.18091221095357
2026-03-20,5.61375,7.43,8.553333333333333,12.9,-5.120616382815277,-2.0933572651580676,-7.948943071656445,-2.885006303247246,0.5,8.929166666666667,67.764783584812,70.05203268513854
2026-03-21,6.27875,7.69,9.314166666666667,13.0,-5.457882114896456,-3.0032293225172797,-8.271109637221047,-4.123106006574491,1.9,8.025,61.17797091469385,63.50397885606254
2026-03-22,7.410416666666666,8.08,10.999583333333334,14.3,-6.499451536216447,-3.5339308327550563,-9.849680304582806,-4.848360390124299,0.0,9.700000000000001,61.46585636216862,63.7919604476926
2026-03-23,5.779166666666666,7.29,8.795,13.3,-5.287320017459479,-2.0224140453645822,-8.21143880386761,-2.5872459802698278,0.9,9.033333333333333,69.06801380108011,72.51149273578505
2026-03-24,2.8945833333333333,4.02,4.407916666666667,6.6,-2.331669094091961,-1.2461891963586058,-3.9083794073693228,-1.2490184658159276,6.5,9.308333333333334,61.877176943069294,72.27744496141634
2026-03-25,4.819999999999999,6.35,7.58875,11.4,-4.5619946803443066,-1.1014340634177504,-7.331429562703012,-1.2833082603840158,1.4,11.720833333333333,76.42644518547282,80.07141832873258
2026-03-26,3.044166666666667,4.36,4.9125000000000005,7.2,-2.224388063181364,-1.7377815429519625,-4.306436202133205,-2.086286555657604,4.5,11.004166666666668,52.00161355918922,64.15177058394028
2026-03-27,2.3820833333333336,4.53,3.6675,8.8,1.9555489527825733,0.17063143183300464,3.0495481425712065,0.31372633627543123,0.0,10.404166666666667,265.01328627537697,264.12628360481955
2026-03-28,1.9000000000000001,3.15,2.5383333333333336,7.0,0.8272047645928952,-1.48743632052037,0.747322953181583,-1.9034054701615284,0.0,9.679166666666667,330.92034538765614,338.5638292888647
2026-03-29,4.458333333333333,6.15,7.04375,10.3,-3.3813851778757615,-2.473574778897754,-5.4568513450408425,-3.6416016722151645,4.1,12.5625,53.81351962585005,56.283039646890835
2026-03-30,3.379583333333333,5.1,5.137083333333334,8.1,-0.11204492659740478,0.08334969829127893,-0.5097625427513476,0.6235457210852539,0.7,12.970833333333333,126.64538716455131,140.73323501752995
2026-03-31,4.429166666666666,5.28,6.584583333333334,8.8,2.0816117580035516,3.6566298906708226,3.3204914228031583,5.290805716423056,6.7,11.641666666666666,209.651585530324,212.1122400984987
2026-04-01,5.419583333333333,7.16,8.007083333333332,12.8,4.519364657146426,2.743011556516335,6.7295819847076075,4.067627344892761,0.8,11.883333333333333,238.7444985892467,238.84956336961642
2026-04-02,2.85375,4.3,4.66625,7.1,-1.2231029893088314,0.5583586497118035,-1.59240355810086,1.2364964454206184,0.1,13.320833333333333,114.53716815463896,127.82922876137802
2026-04-03,3.018333333333333,4.55,5.21625,8.8,-2.6924060539486683,0.5241080401457698,-4.310899080986258,1.4814001920154507,6.5,13.791666666666666,101.01552856129109,108.96480477669968
2026-04-04,2.665833333333333,4.76,4.078333333333333,8.8,0.9894614660147371,1.4381582473380663,1.732845627520624,2.4830780857778456,2.9000000000000004,12.945833333333333,214.52820398174373,214.90972063560343
2026-04-05,4.093333333333333,5.91,6.529166666666666,10.4,3.6213413687971117,0.5740871438894223,5.830655713287964,0.5169735902299798,0.5,13.129166666666668,260.9919276508878,264.93313432913595
